Price,Adj Close,Close,High,Low,Open,Volume
Ticker,ANTM.JK,ANTM.JK,ANTM.JK,ANTM.JK,ANTM.JK,ANTM.JK
Date,,,,,,
2005-09-26,294.7474060058594,457.7873840332031,457.7873840332031,407.3887634277344,432.58807373046875,181674648
2005-10-03,302.8597412109375,470.38702392578125,482.9866943359375,440.98785400390625,470.38702392578125,161953866
2005-10-10,305.5638427734375,474.5869140625,474.5869140625,457.7873840332031,466.1871643066406,91282275
2005-10-17,297.4515075683594,461.9872741699219,474.5869140625,461.9872741699219,474.5869140625,20780333
2005-10-24,275.81866455078125,428.38818359375,461.9872741699219,428.38818359375,449.3876037597656,56581915
2005-10-31,275.81866455078125,428.38818359375,432.58807373046875,424.1883239746094,432.58807373046875,60117727
2005-11-07,265.0021667480469,411.5886535644531,432.58807373046875,411.5886535644531,428.38818359375,38114145
2005-11-14,262.29815673828125,407.3887634277344,415.7885437011719,398.989013671875,411.5886535644531,114512082
2005-11-21,275.81866455078125,428.38818359375,440.98785400390625,411.5886535644531,419.9884338378906,276632623
2005-11-28,316.3802185058594,491.3864440917969,495.5863342285156,428.38818359375,432.58807373046875,302460714
2005-12-05,338.0130615234375,524.9855346679688,529.1854248046875,482.9866943359375,487.18658447265625,247093116
2005-12-12,346.1253967285156,537.585205078125,642.582275390625,533.3853149414062,608.9832153320312,484322870
2005-12-19,362.35009765625,562.7844848632812,592.1836547851562,545.9849243164062,571.1842651367188,182237164
2005-12-26,386.6870422363281,600.5834350585938,617.3829956054688,562.7844848632812,562.7844848632812,102562350
2006-01-02,429.95263671875,667.7816162109375,667.7816162109375,587.9837646484375,604.7833251953125,237057125
2006-01-09,492.1470947265625,764.37890625,806.3777465820312,671.9815063476562,671.9815063476562,268915147
2006-01-16,489.44287109375,760.1790771484375,823.1773071289062,713.9803466796875,806.3777465820312,195785156
2006-01-23,454.2896728515625,705.58056640625,760.1790771484375,701.3806762695312,730.7798461914062,124973680
2006-01-30,492.1470947265625,764.37890625,768.5787963867188,705.58056640625,718.18017578125,164840850
2006-02-06,478.6266174316406,743.3795166015625,776.9785766601562,722.3800659179688,760.1790771484375,181031773
2006-02-13,419.1362609863281,650.9820556640625,734.979736328125,646.7821655273438,734.979736328125,179356132
2006-02-20,432.6567687988281,671.9815063476562,680.3812255859375,629.982666015625,655.1819458007812,231181963
2006-02-27,475.9223937988281,739.1796264648438,743.3795166015625,671.9815063476562,671.9815063476562,296365308
2006-03-06,465.10601806640625,722.3800659179688,734.979736328125,671.9815063476562,680.3812255859375,185124146
2006-03-13,465.10601806640625,722.3800659179688,734.979736328125,709.7804565429688,722.3800659179688,88219690
2006-03-20,467.8101501464844,726.5799560546875,739.1796264648438,718.18017578125,726.5799560546875,140712210
2006-03-27,470.51422119140625,730.7798461914062,739.1796264648438,722.3800659179688,734.979736328125,29119848
2006-04-03,519.18798828125,806.3777465820312,823.1773071289062,734.979736328125,739.1796264648438,323071402
2006-04-10,535.4127197265625,831.5770874023438,848.3766479492188,806.3777465820312,806.3777465820312,109428610
2006-04-17,616.535888671875,957.5736083984375,1024.771728515625,835.7769775390625,835.7769775390625,289966322
2006-04-24,621.944091796875,965.973388671875,1058.370849609375,957.5736083984375,957.5736083984375,168820126
2006-05-01,616.535888671875,957.5736083984375,999.5724487304688,932.3743286132812,991.1726684570312,133119739
2006-05-08,605.719482421875,940.7740478515625,965.973388671875,907.1749877929688,932.3743286132812,219735221
2006-05-15,567.862060546875,881.9757080078125,932.3743286132812,739.1796264648438,839.9768676757812,173058340
2006-05-22,440.76904296875,684.5811157226562,806.3777465820312,642.582275390625,667.7816162109375,180153774
2006-05-29,459.6978759765625,713.9803466796875,776.9785766601562,684.5811157226562,684.5811157226562,163361643
2006-06-05,413.7279968261719,642.582275390625,734.979736328125,613.18310546875,722.3800659179688,186814670
2006-06-12,448.88134765625,697.1807861328125,701.3806762695312,592.1836547851562,642.582275390625,316440266
2006-06-19,443.47320556640625,688.781005859375,709.7804565429688,680.3812255859375,705.58056640625,170096948
2006-06-26,518.9089965820312,776.9785766601562,797.97802734375,676.1813354492188,697.1807861328125,274296248
2006-07-03,499.274658203125,747.5794067382812,852.5764770507812,739.1796264648438,789.5782470703125,296433761
2006-07-10,510.4943542480469,764.37890625,802.1779174804688,726.5799560546875,776.9785766601562,254929642
2006-07-17,502.07952880859375,751.779296875,772.7786865234375,739.1796264648438,764.37890625,103270702
2006-07-24,572.202392578125,856.7763671875,856.7763671875,747.5794067382812,781.178466796875,123012317
2006-07-31,566.5924682617188,848.3766479492188,890.37548828125,848.3766479492188,873.575927734375,111625098
2006-08-07,583.4219970703125,873.575927734375,907.1749877929688,848.3766479492188,865.1761474609375,74445503
2006-08-14,600.2514038085938,898.7752075195312,932.3743286132812,873.575927734375,898.7752075195312,58573042
2006-08-21,628.3006591796875,940.7740478515625,999.5724487304688,898.7752075195312,898.7752075195312,135238844
2006-08-28,605.861328125,907.1749877929688,957.5736083984375,898.7752075195312,923.9745483398438,87666103
2006-09-04,639.5203247070312,957.5736083984375,965.973388671875,915.5747680664062,923.9745483398438,151105352
2006-09-11,600.2514038085938,898.7752075195312,949.173828125,856.7763671875,907.1749877929688,180525806
2006-09-18,611.4711303710938,915.5747680664062,932.3743286132812,856.7763671875,898.7752075195312,167751644
2006-09-25,617.0809326171875,923.9745483398438,932.3743286132812,898.7752075195312,907.1749877929688,64156527
2006-10-02,617.0809326171875,923.9745483398438,940.7740478515625,907.1749877929688,915.5747680664062,102205196
2006-10-09,645.1301879882812,965.973388671875,974.3731689453125,915.5747680664062,923.9745483398438,147914788
2006-10-16,690.0087280273438,1033.1715087890625,1041.5712890625,974.3731689453125,999.5724487304688,198148316
2006-10-23,690.0087280273438,1033.1715087890625,1033.1715087890625,1033.1715087890625,1033.1715087890625,0
2006-10-30,785.3757934570312,1175.967529296875,1209.566650390625,1033.1715087890625,1175.967529296875,247298480
2006-11-06,807.8150024414062,1209.566650390625,1226.3662109375,1159.1680908203125,1184.3673095703125,78915863
2006-11-13,830.25439453125,1243.165771484375,1268.364990234375,1184.3673095703125,1184.3673095703125,58153386
2006-11-20,863.9132080078125,1293.5643310546875,1335.563232421875,1234.7659912109375,1243.165771484375,60730839
2006-11-27,847.0838012695312,1268.364990234375,1293.5643310546875,1251.5655517578125,1293.5643310546875,53870531
2006-12-04,914.4016723632812,1369.1622314453125,1419.5609130859375,1268.364990234375,1268.364990234375,110541735
2006-12-11,903.1820678710938,1352.3626708984375,1411.1611328125,1352.3626708984375,1394.361572265625,38069499
2006-12-18,908.7921752929688,1360.762451171875,1394.361572265625,1327.1634521484375,1360.762451171875,75460411
2006-12-25,897.5723876953125,1343.9630126953125,1377.56201171875,1335.563232421875,1360.762451171875,41885082
2007-01-01,886.3526000976562,1327.1634521484375,1369.1622314453125,1301.964111328125,1343.9630126953125,118780058
2007-01-08,785.3757934570312,1175.967529296875,1335.563232421875,1108.7694091796875,1318.763671875,90067956
2007-01-15,880.7428588867188,1318.763671875,1335.563232421875,1175.967529296875,1217.9664306640625,68129852
2007-01-22,908.7921752929688,1360.762451171875,1377.56201171875,1276.7647705078125,1352.3626708984375,148367182
2007-01-29,875.133056640625,1310.3638916015625,1360.762451171875,1285.16455078125,1335.563232421875,85805934
2007-02-05,858.3035278320312,1285.16455078125,1318.763671875,1268.364990234375,1301.964111328125,44566702
2007-02-12,976.1098022460938,1461.5596923828125,1545.557373046875,1276.7647705078125,1301.964111328125,480376332
2007-02-19,1015.378662109375,1520.358154296875,1621.1552734375,1436.3604736328125,1453.159912109375,527219885
2007-02-26,1060.2574462890625,1587.5562744140625,1612.7554931640625,1427.960693359375,1520.358154296875,588370378
2007-03-05,1077.086669921875,1612.7554931640625,1654.75439453125,1461.5596923828125,1486.759033203125,595492600
2007-03-12,1206.1129150390625,1805.9501953125,1856.348876953125,1604.3558349609375,1705.1529541015625,669566070
2007-03-19,1273.4306640625,1906.7474365234375,1948.746337890625,1805.9501953125,1805.9501953125,352905557
2007-03-26,1329.529052734375,1990.7451171875,2041.143798828125,1864.7486572265625,1965.5457763671875,602683273
2007-04-02,1553.9219970703125,2326.73583984375,2435.932861328125,1982.3453369140625,2007.544677734375,745553283
2007-04-09,1638.0697021484375,2452.732421875,2687.926025390625,2368.734619140625,2469.531982421875,939686608
2007-04-16,1598.80078125,2393.93408203125,2662.7265625,2335.1357421875,2595.528564453125,860330256
2007-04-23,1750.26611328125,2620.727783203125,2687.926025390625,2461.132080078125,2570.3291015625,676667456
2007-04-30,1811.97412109375,2713.125244140625,2780.323486328125,2612.328125,2620.727783203125,532499791
2007-05-07,1772.7052001953125,2654.326904296875,2805.522705078125,2620.727783203125,2721.52490234375,405249260
2007-05-14,1783.9249267578125,2671.12646484375,2713.125244140625,2645.927001953125,2671.12646484375,105485049
2007-05-21,1660.5087890625,2486.33154296875,2704.725341796875,2410.733642578125,2662.7265625,335586628
2007-05-28,1626.8499755859375,2435.932861328125,2553.529541015625,2427.533203125,2528.330322265625,138033565
2007-06-04,1430.5057373046875,2141.94091796875,2385.5341796875,1965.5457763671875,2251.137939453125,614037754
2007-06-11,1520.2630615234375,2276.337158203125,2301.53662109375,2167.140380859375,2217.538818359375,221339431
2007-06-18,1441.7257080078125,2158.740478515625,2318.336181640625,2150.3408203125,2251.137939453125,165013474
2007-06-25,1443.81396484375,2108.341796875,2209.13916015625,2083.142578125,2175.5400390625,131893514
2007-07-02,1564.6109619140625,2284.737060546875,2284.737060546875,2074.742919921875,2158.740478515625,433544684
2007-07-09,1524.3455810546875,2225.938720703125,2385.5341796875,2167.140380859375,2301.53662109375,577471264
2007-07-16,1567.4871826171875,2288.93701171875,2330.935791015625,2141.94091796875,2183.939697265625,179836497
2007-07-23,1567.4871826171875,2288.93701171875,2288.93701171875,2288.93701171875,2288.93701171875,0
2007-07-30,1481.203369140625,2162.9404296875,2288.93701171875,2141.94091796875,2288.93701171875,131025633
2007-08-06,1423.6812744140625,2078.942626953125,2351.93505859375,1994.945068359375,2330.935791015625,244073391
2007-08-13,1207.9720458984375,1763.951416015625,2078.942626953125,1763.951416015625,2078.942626953125,106613061
2007-08-20,1251.113525390625,1826.94970703125,1910.9473876953125,1679.9537353515625,1763.951416015625,229142623
2007-08-27,1294.2554931640625,1889.9478759765625,1952.9461669921875,1763.951416015625,1847.9490966796875,351044796
2007-09-03,1366.158447265625,1994.945068359375,2036.94384765625,1784.9508056640625,1868.948486328125,508162212
2007-09-10,1337.3970947265625,1952.9461669921875,2015.9444580078125,1931.94677734375,1994.945068359375,117322279
2007-09-17,1581.8675537109375,2309.936279296875,2309.936279296875,1931.94677734375,1952.9461669921875,690700575
2007-09-24,1596.2486572265625,2330.935791015625,2435.932861328125,2309.936279296875,2309.936279296875,216833955
2007-10-01,1567.4871826171875,2288.93701171875,2351.93505859375,2141.94091796875,2309.936279296875,351027519
2007-10-08,1797.5771484375,2624.927734375,2645.927001953125,2309.936279296875,2330.935791015625,612489510
2007-10-15,1869.4805908203125,2729.9248046875,3002.917236328125,2561.929443359375,2624.927734375,684933160
2007-10-22,1898.241455078125,2771.923583984375,2855.92138671875,2582.9287109375,2729.9248046875,549844904
2007-10-29,2099.570068359375,3065.91552734375,3065.91552734375,2729.9248046875,2834.921875,1019758468
2007-11-05,2574.130126953125,3758.896484375,3779.895751953125,2960.91845703125,2981.917724609375,1021784100
2007-11-12,2502.22705078125,3653.8994140625,3926.891845703125,3506.9033203125,3695.898193359375,818823154
2007-11-19,2674.794189453125,3905.892333984375,3905.892333984375,3401.90625,3569.901611328125,593955057
2007-11-26,2761.078369140625,4031.888916015625,4451.87744140625,3905.892333984375,3905.892333984375,692479198
2007-12-03,2574.130126953125,3758.896484375,3989.89013671875,3653.8994140625,3947.89111328125,951908965
2007-12-10,2574.130126953125,3758.896484375,3905.892333984375,3737.89697265625,3758.896484375,263463802
2007-12-17,2344.040771484375,3422.90576171875,3695.898193359375,3401.90625,3695.898193359375,169566581
2007-12-24,2574.130126953125,3758.896484375,3821.894775390625,3422.90576171875,3422.90576171875,209498029
2007-12-31,2602.89208984375,3800.895263671875,3863.8935546875,3674.898681640625,3758.896484375,191060621
2008-01-07,2559.75,3737.89697265625,3758.896484375,3632.89990234375,3737.89697265625,163918206
2008-01-14,2128.330810546875,3107.914306640625,3863.8935546875,3065.91552734375,3737.89697265625,714384570
2008-01-21,1955.763671875,2855.92138671875,3107.914306640625,2393.93408203125,3065.91552734375,903515964
2008-01-28,2243.3759765625,3275.90966796875,3296.9091796875,2645.927001953125,2750.924072265625,967803446
2008-02-04,2042.04736328125,2981.917724609375,3401.90625,2918.91943359375,3380.90673828125,409310084
2008-02-11,2415.944091796875,3527.90283203125,3590.901123046875,2981.917724609375,2981.917724609375,1173716858
2008-02-18,2387.181640625,3485.90380859375,3485.90380859375,3317.908447265625,3443.905029296875,448738559
2008-02-25,2358.42138671875,3443.905029296875,3527.90283203125,3296.9091796875,3527.90283203125,531165816
2008-03-03,2358.42138671875,3443.905029296875,3443.905029296875,3317.908447265625,3317.908447265625,266031740
2008-03-10,2027.6671142578125,2960.91845703125,3380.90673828125,2939.9189453125,3359.907470703125,439063879
2008-03-17,1998.90576171875,2918.91943359375,3023.916748046875,2603.92822265625,2792.923095703125,237625600
2008-03-24,1998.90576171875,2918.91943359375,2981.917724609375,2645.927001953125,2666.926513671875,291658025
2008-03-31,1696.9127197265625,2477.931640625,2939.9189453125,2456.932373046875,2918.91943359375,211942743
2008-04-07,1797.5771484375,2624.927734375,2729.9248046875,2393.93408203125,2477.931640625,261953056
2008-04-14,2042.04736328125,2981.917724609375,3044.916015625,2498.93115234375,2540.929931640625,607301858
2008-04-21,1970.144287109375,2876.920654296875,3065.91552734375,2834.921875,3044.916015625,361537939
2008-04-28,1984.524658203125,2897.920166015625,2918.91943359375,2813.92236328125,2897.920166015625,22271447
2008-05-05,1984.524658203125,2897.920166015625,2897.920166015625,2897.920166015625,2897.920166015625,0
2008-05-12,1984.524658203125,2897.920166015625,2897.920166015625,2897.920166015625,2897.920166015625,0
2008-05-19,1984.524658203125,2897.920166015625,2897.920166015625,2897.920166015625,2897.920166015625,0
2008-05-26,1984.524658203125,2897.920166015625,2897.920166015625,2897.920166015625,2897.920166015625,0
2008-06-02,1855.099365234375,2708.92529296875,2897.920166015625,2687.926025390625,2897.920166015625,222598399
2008-06-09,1941.3834228515625,2834.921875,2876.920654296875,2561.929443359375,2603.92822265625,270533048
2008-06-16,1797.5771484375,2624.927734375,2792.923095703125,2624.927734375,2729.9248046875,97644355
2008-06-23,1855.099365234375,2708.92529296875,2750.924072265625,2603.92822265625,2666.926513671875,138771678
2008-06-30,1783.1964111328125,2603.92822265625,2729.9248046875,2561.929443359375,2666.926513671875,130773244
2008-07-07,1725.673828125,2519.9306640625,2603.92822265625,2435.932861328125,2561.929443359375,117020485
2008-07-14,1409.3004150390625,2057.943359375,2582.9287109375,2015.9444580078125,2540.929931640625,308546591
2008-07-21,1527.7967529296875,2057.943359375,2120.941650390625,1931.94677734375,2099.942138671875,237260108
2008-07-28,1527.7967529296875,2057.943359375,2120.941650390625,2036.94384765625,2078.942626953125,117819316
2008-08-04,1309.5401611328125,1763.951416015625,2057.943359375,1742.951904296875,1952.9461669921875,170111232
2008-08-11,1172.3502197265625,1579.156494140625,1763.951416015625,1511.9583740234375,1658.9542236328125,158885924
2008-08-18,1197.2938232421875,1612.7554931640625,1621.1552734375,1503.55859375,1579.156494140625,94525817
2008-08-25,1178.58642578125,1587.5562744140625,1621.1552734375,1562.35693359375,1612.7554931640625,66636358
2008-09-01,929.14990234375,1251.5655517578125,1587.5562744140625,1243.165771484375,1562.35693359375,190125474
2008-09-08,748.3086547851562,1007.9722290039062,1293.5643310546875,982.7728881835938,1259.96533203125,275556401
2008-09-15,966.5654296875,1301.964111328125,1360.762451171875,755.9791870117188,856.7763671875,1727001150
2008-09-22,910.4421997070312,1226.3662109375,1360.762451171875,1192.76708984375,1268.364990234375,586732825
2008-09-29,910.4421997070312,1226.3662109375,1268.364990234375,1209.566650390625,1226.3662109375,39009408
2008-10-06,654.7700805664062,881.9757080078125,1175.967529296875,856.7763671875,890.37548828125,486283638
2008-10-13,723.364990234375,974.3731689453125,1159.1680908203125,806.3777465820312,965.973388671875,576120623
2008-10-20,1979.89990234375,2666.926513671875,2666.926513671875,839.9768676757812,1041.5712890625,382250413
2008-10-27,648.5342407226562,873.575927734375,932.3743286132812,646.7821655273438,713.9803466796875,653579334
2008-11-03,704.6573486328125,949.173828125,1016.3720092773438,755.9791870117188,991.1726684570312,558826122
2008-11-10,654.7700805664062,881.9757080078125,1007.9722290039062,839.9768676757812,940.7740478515625,326043511
2008-11-17,636.0623779296875,856.7763671875,881.9757080078125,713.9803466796875,831.5770874023438,254422486
2008-11-24,1979.89990234375,2666.926513671875,2666.926513671875,806.3777465820312,806.3777465820312,292275909
2008-12-01,598.6469116210938,806.3777465820312,881.9757080078125,789.5782470703125,831.5770874023438,165417056
2008-12-08,623.590576171875,839.9768676757812,949.173828125,806.3777465820312,806.3777465820312,487505694
2008-12-15,692.1854858398438,932.3743286132812,1016.3720092773438,873.575927734375,1007.9722290039062,664380803
2008-12-22,667.241943359375,898.7752075195312,949.173828125,873.575927734375,898.7752075195312,93218638
2008-12-29,679.7138061523438,915.5747680664062,923.9745483398438,898.7752075195312,898.7752075195312,18740992
2009-01-05,779.4882202148438,1049.9710693359375,2666.926513671875,949.173828125,1033.1715087890625,592503837
2009-01-12,698.42138671875,940.7740478515625,1049.9710693359375,881.9757080078125,1024.771728515625,204996718
2009-01-19,661.006103515625,890.37548828125,974.3731689453125,873.575927734375,940.7740478515625,131202423
2009-01-26,692.1854858398438,932.3743286132812,949.173828125,890.37548828125,890.37548828125,94027589
2009-02-02,692.1854858398438,932.3743286132812,949.173828125,890.37548828125,907.1749877929688,64191648
2009-02-09,717.129150390625,965.973388671875,999.5724487304688,873.575927734375,915.5747680664062,199662644
2009-02-16,710.8931884765625,957.5736083984375,1007.9722290039062,915.5747680664062,940.7740478515625,185295584
2009-02-23,748.3086547851562,1007.9722290039062,1058.370849609375,965.973388671875,1033.1715087890625,326861982
2009-03-02,710.8931884765625,957.5736083984375,1016.3720092773438,932.3743286132812,974.3731689453125,92887677
2009-03-09,673.4778442382812,907.1749877929688,957.5736083984375,890.37548828125,957.5736083984375,131713151
2009-03-16,698.42138671875,940.7740478515625,2666.926513671875,890.37548828125,907.1749877929688,123845078
2009-03-23,704.6573486328125,949.173828125,974.3731689453125,932.3743286132812,957.5736083984375,198711426
2009-03-30,748.3086547851562,1007.9722290039062,1016.3720092773438,907.1749877929688,923.9745483398438,405859997
2009-04-06,754.544677734375,1016.3720092773438,1142.3685302734375,991.1726684570312,1058.370849609375,535822494
2009-04-13,1979.89990234375,2666.926513671875,2666.926513671875,1033.1715087890625,1075.17041015625,942292633
2009-04-20,791.9600830078125,1066.7706298828125,1226.3662109375,1041.5712890625,1217.9664306640625,359269414
2009-04-27,854.3192138671875,1150.768310546875,1201.1668701171875,1058.370849609375,1075.17041015625,304652441
2009-05-04,1191.05810546875,1604.3558349609375,1621.1552734375,1159.1680908203125,1209.566650390625,1053825458
2009-05-11,1053.8680419921875,1419.5609130859375,1784.9508056640625,1285.16455078125,1604.3558349609375,600255231
2009-05-18,1184.8221435546875,1595.9560546875,1629.5550537109375,1343.9630126953125,1461.5596923828125,384679638
2009-05-25,1234.7091064453125,1663.1541748046875,1700.953125,1595.9560546875,1646.3546142578125,465906295
2009-06-01,1449.8480224609375,1952.9461669921875,2036.94384765625,1671.553955078125,1994.945068359375,1039185189
2009-06-08,1449.8480224609375,1952.9461669921875,2015.9444580078125,1805.9501953125,1847.9490966796875,421674713
2009-06-15,1247.18115234375,1679.9537353515625,1952.9461669921875,1637.954833984375,1868.948486328125,334421123
2009-06-22,1313.05322265625,1721.9525146484375,1805.9501953125,1537.1575927734375,1654.75439453125,294367634
2009-06-29,1313.05322265625,1721.9525146484375,2666.926513671875,1671.553955078125,1721.9525146484375,75877090
2009-07-06,2033.63134765625,2666.926513671875,2666.926513671875,1595.9560546875,1612.7554931640625,215608316
2009-07-13,1216.976318359375,1595.9560546875,1679.9537353515625,1520.358154296875,1553.9571533203125,298482033
2009-07-20,1345.0791015625,1763.951416015625,1826.94970703125,1595.9560546875,1595.9560546875,340939751
2009-07-27,1409.13037109375,1847.9490966796875,1889.9478759765625,1663.1541748046875,1784.9508056640625,306419157
2009-08-03,1521.220458984375,1994.945068359375,2099.942138671875,1847.9490966796875,1931.94677734375,627830986
2009-08-10,1697.3616943359375,2225.938720703125,2666.926513671875,1973.945556640625,2015.9444580078125,808465137
2009-08-17,1553.2459716796875,2036.94384765625,2225.938720703125,1994.945068359375,2225.938720703125,431569029
2009-08-24,1537.2333984375,2015.9444580078125,2141.94091796875,1973.945556640625,2120.941650390625,218282204
2009-08-31,1489.194580078125,1952.9461669921875,2015.9444580078125,1805.9501953125,1910.9473876953125,382424827
2009-09-07,1569.2587890625,2057.943359375,2120.941650390625,1889.9478759765625,1931.94677734375,379437836
2009-09-14,1649.3233642578125,2162.9404296875,2225.938720703125,1994.945068359375,2057.943359375,361499251
2009-09-21,1601.284423828125,2099.942138671875,2183.939697265625,2078.942626953125,2162.9404296875,57186099
2009-09-28,1601.284423828125,2099.942138671875,2120.941650390625,2015.9444580078125,2015.9444580078125,142087248
2009-10-05,1681.3487548828125,2204.939208984375,2288.93701171875,2057.943359375,2078.942626953125,483063310
2009-10-12,1681.3487548828125,2204.939208984375,2246.93798828125,2120.941650390625,2162.9404296875,182356808
2009-10-19,1649.3233642578125,2162.9404296875,2246.93798828125,2099.942138671875,2225.938720703125,130525619
2009-10-26,1457.1690673828125,1910.9473876953125,2183.939697265625,1763.951416015625,2141.94091796875,218160176
2009-11-02,1489.194580078125,1952.9461669921875,2015.9444580078125,1784.9508056640625,1889.9478759765625,217703616
2009-11-09,1457.1690673828125,1910.9473876953125,1973.945556640625,1826.94970703125,1931.94677734375,151783942
2009-11-16,1537.2333984375,2015.9444580078125,2120.941650390625,1931.94677734375,1994.945068359375,259617267
2009-11-23,1441.1558837890625,1889.9478759765625,2057.943359375,1868.948486328125,2015.9444580078125,82932046
2009-11-30,2033.63134765625,2666.926513671875,2666.926513671875,1826.94970703125,1847.9490966796875,112206662
2009-12-07,1441.1558837890625,1889.9478759765625,2666.926513671875,1868.948486328125,2036.94384765625,112019752
2009-12-14,1393.11767578125,1826.94970703125,1910.9473876953125,1805.9501953125,1889.9478759765625,61867179
2009-12-21,1345.0791015625,1763.951416015625,1826.94970703125,1721.9525146484375,1721.9525146484375,64851786
2009-12-28,1409.13037109375,1847.9490966796875,2666.926513671875,1826.94970703125,2666.926513671875,44072642
2010-01-04,1505.2073974609375,1973.945556640625,1994.945068359375,1847.9490966796875,1931.94677734375,179059694
2010-01-11,1425.1434326171875,1868.948486328125,2015.9444580078125,1847.9490966796875,1952.9461669921875,142640238
2010-01-18,1393.11767578125,1826.94970703125,2666.926513671875,1763.951416015625,2666.926513671875,165062880
2010-01-25,1361.0919189453125,1784.9508056640625,2666.926513671875,1742.951904296875,1847.9490966796875,98410448
2010-02-01,1281.0277099609375,1679.9537353515625,1784.9508056640625,1663.1541748046875,1742.951904296875,156825153
2010-02-08,1297.04052734375,1700.953125,1700.953125,1612.7554931640625,1663.1541748046875,149654716
2010-02-15,1329.066162109375,1742.951904296875,1826.94970703125,1663.1541748046875,1679.9537353515625,160430609
2010-02-22,1329.066162109375,1742.951904296875,1763.951416015625,1700.953125,1742.951904296875,62396361
2010-03-01,1361.0919189453125,1784.9508056640625,1847.9490966796875,1721.9525146484375,1763.951416015625,176026282
2010-03-08,1377.104736328125,1805.9501953125,1826.94970703125,1784.9508056640625,1805.9501953125,75843755
2010-03-15,1409.13037109375,1847.9490966796875,1889.9478759765625,1784.9508056640625,1805.9501953125,162793765
2010-03-22,1393.11767578125,1826.94970703125,1868.948486328125,1763.951416015625,1784.9508056640625,91270370
2010-03-29,1537.2333984375,2015.9444580078125,2057.943359375,1847.9490966796875,1952.9461669921875,387674377
2010-04-05,1553.2459716796875,2036.94384765625,2666.926513671875,1910.9473876953125,2666.926513671875,137488311
2010-04-12,1633.3101806640625,2141.94091796875,2666.926513671875,2036.94384765625,2057.943359375,347180995
2010-04-19,1553.2459716796875,2036.94384765625,2183.939697265625,2015.9444580078125,2057.943359375,264024535
2010-04-26,1569.2587890625,2057.943359375,2099.942138671875,1952.9461669921875,2078.942626953125,126332051
2010-05-03,2033.63134765625,2666.926513671875,2666.926513671875,2666.926513671875,2666.926513671875,0
2010-05-10,2033.63134765625,2666.926513671875,2666.926513671875,2666.926513671875,2666.926513671875,0
2010-05-17,2033.63134765625,2666.926513671875,2666.926513671875,2666.926513671875,2666.926513671875,0
2010-05-24,2033.63134765625,2666.926513671875,2666.926513671875,2666.926513671875,2666.926513671875,0
2010-05-31,2033.63134765625,2666.926513671875,2666.926513671875,2666.926513671875,2666.926513671875,0
2010-06-07,2033.63134765625,2666.926513671875,2666.926513671875,2666.926513671875,2666.926513671875,0
2010-06-14,2033.63134765625,2666.926513671875,2666.926513671875,2666.926513671875,2666.926513671875,0
2010-06-21,2033.63134765625,2666.926513671875,2666.926513671875,2666.926513671875,2666.926513671875,0
2010-06-28,2033.63134765625,2666.926513671875,2666.926513671875,2666.926513671875,2666.926513671875,0
2010-07-05,2050.0205078125,2666.926513671875,2666.926513671875,2666.926513671875,2666.926513671875,0
2010-07-12,2050.0205078125,2666.926513671875,2666.926513671875,2666.926513671875,2666.926513671875,0
2010-07-19,2050.0205078125,2666.926513671875,2666.926513671875,2666.926513671875,2666.926513671875,0
2010-07-26,2050.0205078125,2666.926513671875,2666.926513671875,2666.926513671875,2666.926513671875,0
2010-08-02,2050.0205078125,2666.926513671875,2666.926513671875,2666.926513671875,2666.926513671875,0
2010-08-09,2050.0205078125,2666.926513671875,2666.926513671875,2666.926513671875,2666.926513671875,0
2010-08-16,2050.0205078125,2666.926513671875,2666.926513671875,2666.926513671875,2666.926513671875,0
2010-08-23,2050.0205078125,2666.926513671875,2666.926513671875,2666.926513671875,2666.926513671875,0
2010-08-30,2050.0205078125,2666.926513671875,2666.926513671875,2666.926513671875,2666.926513671875,0
2010-09-06,2050.0205078125,2666.926513671875,2666.926513671875,2666.926513671875,2666.926513671875,0
2010-09-13,2050.0205078125,2666.926513671875,2666.926513671875,2666.926513671875,2666.926513671875,0
2010-09-20,2050.0205078125,2666.926513671875,2666.926513671875,2666.926513671875,2666.926513671875,0
2010-09-27,2050.0205078125,2666.926513671875,2666.926513671875,2666.926513671875,2666.926513671875,0
2010-10-04,2050.0205078125,2666.926513671875,2666.926513671875,2666.926513671875,2666.926513671875,0
2010-10-11,2050.0205078125,2666.926513671875,2666.926513671875,2666.926513671875,2666.926513671875,0
2010-10-18,2050.0205078125,2666.926513671875,2666.926513671875,2666.926513671875,2666.926513671875,0
2010-10-25,2050.0205078125,2666.926513671875,2666.926513671875,2666.926513671875,2666.926513671875,0
2010-11-01,2050.0205078125,2666.926513671875,2666.926513671875,2666.926513671875,2666.926513671875,0
2010-11-08,2050.0205078125,2666.926513671875,2666.926513671875,2666.926513671875,2666.926513671875,0
2010-11-15,2050.0205078125,2666.926513671875,2666.926513671875,2666.926513671875,2666.926513671875,0
2010-11-22,2050.0205078125,2666.926513671875,2666.926513671875,2666.926513671875,2666.926513671875,0
2010-11-29,2050.0205078125,2666.926513671875,2666.926513671875,2666.926513671875,2666.926513671875,0
2010-12-06,2050.0205078125,2666.926513671875,2666.926513671875,2666.926513671875,2666.926513671875,0
2010-12-13,2050.0205078125,2666.926513671875,2666.926513671875,2666.926513671875,2666.926513671875,0
2010-12-20,2050.0205078125,2666.926513671875,2666.926513671875,2666.926513671875,2666.926513671875,0
2010-12-27,2050.0205078125,2666.926513671875,2666.926513671875,2666.926513671875,2666.926513671875,0
2011-01-03,2050.0205078125,2666.926513671875,2666.926513671875,2666.926513671875,2666.926513671875,0
2011-01-10,2050.0205078125,2666.926513671875,2666.926513671875,2666.926513671875,2666.926513671875,0
2011-01-17,2050.0205078125,2666.926513671875,2666.926513671875,2666.926513671875,2666.926513671875,0
2011-01-24,2050.0205078125,2666.926513671875,2666.926513671875,2666.926513671875,2666.926513671875,0
2011-01-31,2050.0205078125,2666.926513671875,2666.926513671875,2666.926513671875,2666.926513671875,0
2011-02-07,2050.0205078125,2666.926513671875,2666.926513671875,2666.926513671875,2666.926513671875,0
2011-02-14,2050.0205078125,2666.926513671875,2666.926513671875,2666.926513671875,2666.926513671875,0
2011-02-21,2050.0205078125,2666.926513671875,2666.926513671875,2666.926513671875,2666.926513671875,0
2011-02-28,2050.0205078125,2666.926513671875,2666.926513671875,2666.926513671875,2666.926513671875,0
2011-03-07,2050.0205078125,2666.926513671875,2666.926513671875,2666.926513671875,2666.926513671875,0
2011-03-14,2050.0205078125,2666.926513671875,2666.926513671875,2666.926513671875,2666.926513671875,0
2011-03-21,2050.0205078125,2666.926513671875,2666.926513671875,2666.926513671875,2666.926513671875,0
2011-03-28,2050.0205078125,2666.926513671875,2666.926513671875,2666.926513671875,2666.926513671875,0
2011-04-04,2050.0205078125,2666.926513671875,2666.926513671875,2666.926513671875,2666.926513671875,0
2011-04-11,2050.0205078125,2666.926513671875,2666.926513671875,2666.926513671875,2666.926513671875,0
2011-04-18,2050.0205078125,2666.926513671875,2666.926513671875,2666.926513671875,2666.926513671875,0
2011-04-25,2050.0205078125,2666.926513671875,2666.926513671875,2666.926513671875,2666.926513671875,0
2011-05-02,2050.0205078125,2666.926513671875,2666.926513671875,2666.926513671875,2666.926513671875,0
2011-05-09,2050.0205078125,2666.926513671875,2666.926513671875,2666.926513671875,2666.926513671875,0
2011-05-16,2050.0205078125,2666.926513671875,2666.926513671875,2666.926513671875,2666.926513671875,0
2011-05-23,2050.0205078125,2666.926513671875,2666.926513671875,2666.926513671875,2666.926513671875,0
2011-05-30,2050.0205078125,2666.926513671875,2666.926513671875,2666.926513671875,2666.926513671875,0
2011-06-06,2050.0205078125,2666.926513671875,2666.926513671875,2666.926513671875,2666.926513671875,0
2011-06-13,2050.0205078125,2666.926513671875,2666.926513671875,2666.926513671875,2666.926513671875,0
2011-06-20,2050.0205078125,2666.926513671875,2666.926513671875,2666.926513671875,2666.926513671875,0
2011-06-27,2050.0205078125,2666.926513671875,2666.926513671875,2666.926513671875,2666.926513671875,0
2011-07-04,2050.0205078125,2666.926513671875,2666.926513671875,2666.926513671875,2666.926513671875,0
2011-07-11,2096.716796875,2666.926513671875,2666.926513671875,2666.926513671875,2666.926513671875,0
2011-07-18,2096.716796875,2666.926513671875,2666.926513671875,2666.926513671875,2666.926513671875,0
2011-07-25,2096.716796875,2666.926513671875,2666.926513671875,2666.926513671875,2666.926513671875,0
2011-08-01,2096.716796875,2666.926513671875,2666.926513671875,2666.926513671875,2666.926513671875,0
2011-08-08,2096.716796875,2666.926513671875,2666.926513671875,2666.926513671875,2666.926513671875,0
2011-08-15,2096.716796875,2666.926513671875,2666.926513671875,2666.926513671875,2666.926513671875,0
2011-08-22,2096.716796875,2666.926513671875,2666.926513671875,2666.926513671875,2666.926513671875,0
2011-08-29,2096.716796875,2666.926513671875,2666.926513671875,2666.926513671875,2666.926513671875,0
2011-09-05,2096.716796875,2666.926513671875,2666.926513671875,2666.926513671875,2666.926513671875,0
2011-09-12,2096.716796875,2666.926513671875,2666.926513671875,2666.926513671875,2666.926513671875,0
2011-09-19,2096.716796875,2666.926513671875,2666.926513671875,2666.926513671875,2666.926513671875,0
2011-09-26,2096.716796875,2666.926513671875,2666.926513671875,2666.926513671875,2666.926513671875,0
2011-10-03,2096.716796875,2666.926513671875,2666.926513671875,2666.926513671875,2666.926513671875,0
2011-10-10,2096.716796875,2666.926513671875,2666.926513671875,2666.926513671875,2666.926513671875,0
2011-10-17,2096.716796875,2666.926513671875,2666.926513671875,2666.926513671875,2666.926513671875,0
2011-10-24,2096.716796875,2666.926513671875,2666.926513671875,2666.926513671875,2666.926513671875,0
2011-10-31,2096.716796875,2666.926513671875,2666.926513671875,2666.926513671875,2666.926513671875,0
2011-11-07,2096.716796875,2666.926513671875,2666.926513671875,2666.926513671875,2666.926513671875,0
2011-11-14,2096.716796875,2666.926513671875,2666.926513671875,2666.926513671875,2666.926513671875,0
2011-11-21,2096.716796875,2666.926513671875,2666.926513671875,2666.926513671875,2666.926513671875,0
2011-11-28,2096.716796875,2666.926513671875,2666.926513671875,2666.926513671875,2666.926513671875,0
2011-12-05,2096.716796875,2666.926513671875,2666.926513671875,2666.926513671875,2666.926513671875,0
2011-12-12,2096.716796875,2666.926513671875,2666.926513671875,2666.926513671875,2666.926513671875,0
2011-12-19,2096.716796875,2666.926513671875,2666.926513671875,2666.926513671875,2666.926513671875,0
2011-12-26,2096.716796875,2666.926513671875,2666.926513671875,2666.926513671875,2666.926513671875,0
2012-01-02,2096.716796875,2666.926513671875,2666.926513671875,2666.926513671875,2666.926513671875,0
2012-01-09,2096.716796875,2666.926513671875,2666.926513671875,2666.926513671875,2666.926513671875,0
2012-01-16,2096.716796875,2666.926513671875,2666.926513671875,2666.926513671875,2666.926513671875,0
2012-01-23,2096.716796875,2666.926513671875,2666.926513671875,2666.926513671875,2666.926513671875,0
2012-01-30,2096.716796875,2666.926513671875,2666.926513671875,2666.926513671875,2666.926513671875,0
2012-02-06,2096.716796875,2666.926513671875,2666.926513671875,2666.926513671875,2666.926513671875,0
2012-02-13,2096.716796875,2666.926513671875,2666.926513671875,2666.926513671875,2666.926513671875,0
2012-02-20,2096.716796875,2666.926513671875,2666.926513671875,2666.926513671875,2666.926513671875,0
2012-02-27,2096.716796875,2666.926513671875,2666.926513671875,2666.926513671875,2666.926513671875,0
2012-03-05,2096.716796875,2666.926513671875,2666.926513671875,2666.926513671875,2666.926513671875,0
2012-03-12,2096.716796875,2666.926513671875,2666.926513671875,2666.926513671875,2666.926513671875,0
2012-03-19,2096.716796875,2666.926513671875,2666.926513671875,2666.926513671875,2666.926513671875,0
2012-03-26,2096.716796875,2666.926513671875,2666.926513671875,2666.926513671875,2666.926513671875,0
2012-04-02,2096.716796875,2666.926513671875,2666.926513671875,2666.926513671875,2666.926513671875,0
2012-04-09,2096.716796875,2666.926513671875,2666.926513671875,2666.926513671875,2666.926513671875,0
2012-04-16,2096.716796875,2666.926513671875,2666.926513671875,2666.926513671875,2666.926513671875,0
2012-04-23,2096.716796875,2666.926513671875,2666.926513671875,2666.926513671875,2666.926513671875,0
2012-04-30,2096.716796875,2666.926513671875,2666.926513671875,2666.926513671875,2666.926513671875,0
2012-05-07,2096.716796875,2666.926513671875,2666.926513671875,2666.926513671875,2666.926513671875,0
2012-05-14,2096.716796875,2666.926513671875,2666.926513671875,2666.926513671875,2666.926513671875,0
2012-05-21,2096.716796875,2666.926513671875,2666.926513671875,2666.926513671875,2666.926513671875,0
2012-05-28,2096.716796875,2666.926513671875,2666.926513671875,2666.926513671875,2666.926513671875,0
2012-06-04,2096.716796875,2666.926513671875,2666.926513671875,2666.926513671875,2666.926513671875,0
2012-06-11,2096.716796875,2666.926513671875,2666.926513671875,2666.926513671875,2666.926513671875,0
2012-06-18,2096.716796875,2666.926513671875,2666.926513671875,2666.926513671875,2666.926513671875,0
2012-06-25,2096.716796875,2666.926513671875,2666.926513671875,2666.926513671875,2666.926513671875,0
2012-07-02,2158.577392578125,2666.926513671875,2666.926513671875,2666.926513671875,2666.926513671875,0
2012-07-09,2158.577392578125,2666.926513671875,2666.926513671875,2666.926513671875,2666.926513671875,0
2012-07-16,2158.577392578125,2666.926513671875,2666.926513671875,2666.926513671875,2666.926513671875,0
2012-07-23,2158.577392578125,2666.926513671875,2666.926513671875,2666.926513671875,2666.926513671875,0
2012-07-30,2158.577392578125,2666.926513671875,2666.926513671875,2666.926513671875,2666.926513671875,0
2012-08-06,2158.577392578125,2666.926513671875,2666.926513671875,2666.926513671875,2666.926513671875,0
2012-08-13,2158.577392578125,2666.926513671875,2666.926513671875,2666.926513671875,2666.926513671875,0
2012-08-20,2158.577392578125,2666.926513671875,2666.926513671875,2666.926513671875,2666.926513671875,0
2012-08-27,2158.577392578125,2666.926513671875,2666.926513671875,2666.926513671875,2666.926513671875,0
2012-09-03,2158.577392578125,2666.926513671875,2666.926513671875,2666.926513671875,2666.926513671875,0
2012-09-10,2158.577392578125,2666.926513671875,2666.926513671875,2666.926513671875,2666.926513671875,0
2012-09-17,2158.577392578125,2666.926513671875,2666.926513671875,2666.926513671875,2666.926513671875,0
2012-09-24,917.8202514648438,1133.96875,1159.1680908203125,1100.36962890625,1117.169189453125,65503588
2012-10-01,917.8202514648438,1133.96875,1159.1680908203125,1100.36962890625,1125.5689697265625,72729382
2012-10-08,870.2296752929688,1075.17041015625,1133.96875,1066.7706298828125,1108.7694091796875,47354278
2012-10-15,877.0283203125,1083.5701904296875,1108.7694091796875,1058.370849609375,1091.9698486328125,48021559
2012-10-22,877.0283203125,1083.5701904296875,1091.9698486328125,1058.370849609375,1075.17041015625,22647646
2012-10-29,870.2296752929688,1075.17041015625,1091.9698486328125,1058.370849609375,1066.7706298828125,41663646
2012-11-05,856.6322631835938,1058.370849609375,1100.36962890625,1049.9710693359375,1075.17041015625,39901097
2012-11-12,849.8336181640625,1049.9710693359375,1075.17041015625,1041.5712890625,1058.370849609375,12321767
2012-11-19,849.8336181640625,1049.9710693359375,1058.370849609375,1024.771728515625,1041.5712890625,22907771
2012-11-26,843.0349731445312,1041.5712890625,1058.370849609375,1024.771728515625,1049.9710693359375,25813804
2012-12-03,843.0349731445312,1041.5712890625,1075.17041015625,1024.771728515625,1066.7706298828125,42797605
2012-12-10,863.430908203125,1066.7706298828125,1100.36962890625,1033.1715087890625,1033.1715087890625,127757685
2012-12-17,870.2296752929688,1075.17041015625,1075.17041015625,1033.1715087890625,1066.7706298828125,69502509
2012-12-24,870.2296752929688,1075.17041015625,1091.9698486328125,1058.370849609375,1075.17041015625,21898221
2012-12-31,917.8202514648438,1133.96875,1159.1680908203125,1075.17041015625,1075.17041015625,79080154
2013-01-07,938.2162475585938,1159.1680908203125,1175.967529296875,1117.169189453125,1125.5689697265625,89251862
2013-01-14,917.8202514648438,1133.96875,1217.9664306640625,1133.96875,1209.566650390625,98892604
2013-01-21,890.6255493164062,1100.36962890625,1159.1680908203125,1100.36962890625,1142.3685302734375,34147963
2013-01-28,945.0150756835938,1167.56787109375,1192.76708984375,1100.36962890625,1108.7694091796875,99412856
2013-02-04,931.4176025390625,1150.768310546875,1184.3673095703125,1125.5689697265625,1142.3685302734375,75113973
2013-02-11,924.6190795898438,1142.3685302734375,1167.56787109375,1133.96875,1159.1680908203125,59065316
2013-02-18,870.2296752929688,1075.17041015625,1150.768310546875,1075.17041015625,1125.5689697265625,104735027
2013-02-25,883.8268432617188,1091.9698486328125,1100.36962890625,1058.370849609375,1066.7706298828125,81204616
2013-03-04,917.8202514648438,1133.96875,1167.56787109375,1075.17041015625,1091.9698486328125,115832356
2013-03-11,897.4241943359375,1108.7694091796875,1133.96875,1083.5701904296875,1108.7694091796875,62823158
2013-03-18,911.0216064453125,1125.5689697265625,1175.967529296875,1108.7694091796875,1125.5689697265625,142541426
2013-03-25,931.4176025390625,1150.768310546875,1184.3673095703125,1125.5689697265625,1133.96875,65526804
2013-04-01,951.8135375976562,1175.967529296875,1226.3662109375,1150.768310546875,1167.56787109375,154242939
2013-04-08,965.4110107421875,1192.76708984375,1217.9664306640625,1175.967529296875,1175.967529296875,67627457
2013-04-15,917.8202514648438,1133.96875,1175.967529296875,1125.5689697265625,1175.967529296875,55841417
2013-04-22,938.2162475585938,1159.1680908203125,1175.967529296875,1133.96875,1142.3685302734375,109079194
2013-04-29,911.0216064453125,1125.5689697265625,1167.56787109375,1117.169189453125,1159.1680908203125,72581166
2013-05-06,931.4176025390625,1150.768310546875,1159.1680908203125,1133.96875,1133.96875,21363086
2013-05-13,897.4241943359375,1108.7694091796875,1150.768310546875,1091.9698486328125,1150.768310546875,47852507
2013-05-20,897.4241943359375,1108.7694091796875,1142.3685302734375,1100.36962890625,1108.7694091796875,27000147
2013-05-27,870.2296752929688,1075.17041015625,1125.5689697265625,1058.370849609375,1117.169189453125,71627567
2013-06-03,867.4158935546875,1033.1715087890625,1075.17041015625,1033.1715087890625,1066.7706298828125,31958021
2013-06-10,789.8421020507812,940.7740478515625,1049.9710693359375,923.9745483398438,1041.5712890625,42368426
2013-06-17,684.0596923828125,814.7775268554688,991.1726684570312,814.7775268554688,949.173828125,107179737
2013-06-24,705.2161254882812,839.9768676757812,856.7763671875,806.3777465820312,823.1773071289062,74094301
2013-07-01,705.2161254882812,839.9768676757812,856.7763671875,797.97802734375,839.9768676757812,68457836
2013-07-08,818.0507202148438,974.3731689453125,991.1726684570312,781.178466796875,839.9768676757812,139396102
2013-07-15,832.1550903320312,991.1726684570312,1041.5712890625,949.173828125,974.3731689453125,176494148
2013-07-22,874.468017578125,1041.5712890625,1108.7694091796875,991.1726684570312,1007.9722290039062,136518045
2013-07-29,839.2071533203125,999.5724487304688,1066.7706298828125,940.7740478515625,1066.7706298828125,73118679
2013-08-05,839.2071533203125,999.5724487304688,999.5724487304688,999.5724487304688,999.5724487304688,0
2013-08-12,937.9375,1117.169189453125,1133.96875,982.7728881835938,982.7728881835938,166408155
2013-08-19,973.1982421875,1159.1680908203125,1167.56787109375,991.1726684570312,1117.169189453125,189882612
2013-08-26,937.9375,1117.169189453125,1192.76708984375,1049.9710693359375,1167.56787109375,152203597
2013-09-02,1015.5111694335938,1209.566650390625,1209.566650390625,1083.5701904296875,1108.7694091796875,166715305
2013-09-09,1029.615478515625,1226.3662109375,1259.96533203125,1133.96875,1217.9664306640625,184715208
2013-09-16,1071.928466796875,1276.7647705078125,1293.5643310546875,1201.1668701171875,1217.9664306640625,142900364
2013-09-23,1001.406982421875,1192.76708984375,1259.96533203125,1175.967529296875,1259.96533203125,41234467
2013-09-30,1015.5111694335938,1209.566650390625,1251.5655517578125,1175.967529296875,1192.76708984375,69047138
2013-10-07,1064.8763427734375,1268.364990234375,1293.5643310546875,1209.566650390625,1217.9664306640625,93767462
2013-10-14,1071.928466796875,1276.7647705078125,1276.7647705078125,1243.165771484375,1268.364990234375,32441368
2013-10-21,1128.345947265625,1343.9630126953125,1360.762451171875,1268.364990234375,1276.7647705078125,97136601
2013-10-28,1093.0848388671875,1301.964111328125,1352.3626708984375,1276.7647705078125,1343.9630126953125,70034070
2013-11-04,1036.66796875,1234.7659912109375,1310.3638916015625,1217.9664306640625,1310.3638916015625,54741983
2013-11-11,944.9896240234375,1125.5689697265625,1234.7659912109375,1108.7694091796875,1234.7659912109375,95084166
2013-11-18,944.9896240234375,1125.5689697265625,1175.967529296875,1075.17041015625,1125.5689697265625,120924163
2013-11-25,888.5723266601562,1058.370849609375,1159.1680908203125,1049.9710693359375,1125.5689697265625,64134503
2013-12-02,881.5202026367188,1049.9710693359375,1091.9698486328125,1016.3720092773438,1058.370849609375,123461733
2013-12-09,832.1550903320312,991.1726684570312,1075.17041015625,982.7728881835938,1041.5712890625,81773085
2013-12-16,733.4248046875,873.575927734375,1007.9722290039062,873.575927734375,1007.9722290039062,101459342
2013-12-23,761.6334228515625,907.1749877929688,932.3743286132812,831.5770874023438,890.37548828125,110073866
2013-12-30,733.4248046875,873.575927734375,940.7740478515625,856.7763671875,915.5747680664062,58590899
2014-01-06,691.11181640625,823.1773071289062,881.9757080078125,797.97802734375,865.1761474609375,139354313
2014-01-13,708.7422485351562,844.1767578125,873.575927734375,814.7775268554688,831.5770874023438,238366210
2014-01-20,733.4248046875,873.575927734375,923.9745483398438,848.3766479492188,848.3766479492188,231212680
2014-01-27,726.3726806640625,865.1761474609375,865.1761474609375,835.7769775390625,865.1761474609375,115770689
2014-02-03,712.2683715820312,848.3766479492188,865.1761474609375,835.7769775390625,856.7763671875,94973090
2014-02-10,715.7943115234375,852.5764770507812,890.37548828125,852.5764770507812,856.7763671875,205490184
2014-02-17,744.0029907226562,886.1755981445312,907.1749877929688,856.7763671875,860.9762573242188,245897371
2014-02-24,733.4248046875,873.575927734375,898.7752075195312,865.1761474609375,890.37548828125,127555775
2014-03-03,796.8942260742188,949.173828125,974.3731689453125,860.9762573242188,873.575927734375,499116729
2014-03-10,779.2638549804688,928.1744384765625,949.173828125,911.3748779296875,944.9739379882812,188084704
2014-03-17,800.4203491210938,953.3737182617188,999.5724487304688,890.37548828125,928.1744384765625,492765363
2014-03-24,800.4203491210938,953.3737182617188,978.5730590820312,923.9745483398438,940.7740478515625,181486666
2014-03-31,807.4724731445312,961.7734985351562,982.7728881835938,898.7752075195312,953.3737182617188,152025854
2014-04-07,761.6334228515625,907.1749877929688,965.973388671875,894.5753173828125,957.5736083984375,158679132
2014-04-14,793.3680419921875,944.9739379882812,965.973388671875,907.1749877929688,907.1749877929688,145181619
2014-04-21,842.7332763671875,1003.7723388671875,1062.5706787109375,944.9739379882812,944.9739379882812,385022394
2014-04-28,810.9985961914062,965.973388671875,1024.771728515625,961.7734985351562,1007.9722290039062,134969313
2014-05-05,899.3455200195312,1062.5706787109375,1070.970458984375,957.5736083984375,965.973388671875,443466028
2014-05-12,867.3531494140625,1024.771728515625,1083.5701904296875,1007.9722290039062,1075.17041015625,243215035
2014-05-19,881.572021484375,1041.5712890625,1075.17041015625,986.9727783203125,1007.9722290039062,229956335
2014-05-26,853.13427734375,1007.9722290039062,1049.9710693359375,1007.9722290039062,1024.771728515625,55725463
2014-06-02,838.9153442382812,991.1726684570312,1016.3720092773438,961.7734985351562,986.9727783203125,145453291
2014-06-09,810.4774780273438,957.5736083984375,999.5724487304688,949.173828125,961.7734985351562,74782536
2014-06-16,799.813232421875,944.9739379882812,982.7728881835938,940.7740478515625,957.5736083984375,48044298
2014-06-23,760.7112426757812,898.7752075195312,949.173828125,898.7752075195312,940.7740478515625,56449292
2014-06-30,817.5869750976562,965.973388671875,970.1732788085938,898.7752075195312,915.5747680664062,78098460
2014-07-07,796.258544921875,940.7740478515625,978.5730590820312,940.7740478515625,965.973388671875,58319463
2014-07-14,821.1416625976562,970.1732788085938,974.3731689453125,923.9745483398438,940.7740478515625,59470683
2014-07-21,902.9003295898438,1066.7706298828125,1066.7706298828125,944.9739379882812,978.5730590820312,288446161
2014-07-28,902.9003295898438,1066.7706298828125,1066.7706298828125,1066.7706298828125,1066.7706298828125,0
2014-08-04,885.126708984375,1045.7711181640625,1070.970458984375,1020.5718994140625,1024.771728515625,180128890
2014-08-11,878.017333984375,1037.3714599609375,1058.370849609375,1037.3714599609375,1041.5712890625,63803184
2014-08-18,874.4625244140625,1033.1715087890625,1054.1708984375,1024.771728515625,1033.1715087890625,69556438
2014-08-25,849.5794677734375,1003.7723388671875,1033.1715087890625,995.37255859375,1028.9716796875,56418695
2014-09-01,838.9153442382812,991.1726684570312,1016.3720092773438,965.973388671875,974.3731689453125,103122721
2014-09-08,810.4774780273438,957.5736083984375,1028.9716796875,940.7740478515625,1016.3720092773438,103747976
2014-09-15,782.0396728515625,923.9745483398438,970.1732788085938,923.9745483398438,953.3737182617188,48017750
2014-09-22,782.0396728515625,923.9745483398438,957.5736083984375,911.3748779296875,923.9745483398438,58607685
2014-09-29,728.71875,860.9762573242188,932.3743286132812,860.9762573242188,907.1749877929688,48123348
2014-10-06,703.835693359375,831.5770874023438,877.7758178710938,831.5770874023438,856.7763671875,52483705
2014-10-13,675.3978271484375,797.97802734375,848.3766479492188,785.3783569335938,827.377197265625,145105069
2014-10-20,682.5072631835938,806.3777465820312,818.9774169921875,797.97802734375,802.1779174804688,76643895
2014-10-27,689.6167602539062,814.7775268554688,827.377197265625,776.9785766601562,793.7781372070312,159966667
2014-11-03,664.7337646484375,785.3783569335938,814.7775268554688,781.178466796875,793.7781372070312,69910138
2014-11-10,664.7337646484375,785.3783569335938,797.97802734375,772.7786865234375,776.9785766601562,61909562
2014-11-17,696.7261962890625,823.1773071289062,827.377197265625,781.178466796875,785.3783569335938,76230789
2014-11-24,696.7261962890625,823.1773071289062,848.3766479492188,810.57763671875,839.9768676757812,81629390
2014-12-01,686.06201171875,810.57763671875,839.9768676757812,806.3777465820312,814.7775268554688,64467487
2014-12-08,689.6167602539062,814.7775268554688,827.377197265625,797.97802734375,810.57763671875,47027246
2014-12-15,696.7261962890625,823.1773071289062,827.377197265625,793.7781372070312,806.3777465820312,66616238
2014-12-22,771.37548828125,911.3748779296875,928.1744384765625,814.7775268554688,827.377197265625,140547682
2014-12-29,742.9376831054688,877.7758178710938,940.7740478515625,869.3760375976562,915.5747680664062,58081719
2015-01-05,771.37548828125,911.3748779296875,953.3737182617188,852.5764770507812,873.575927734375,164774301
2015-01-12,750.047119140625,886.1755981445312,932.3743286132812,886.1755981445312,907.1749877929688,85523783
2015-01-19,753.6018676757812,890.37548828125,902.97509765625,877.7758178710938,890.37548828125,61783605
2015-01-26,757.1565551757812,894.5753173828125,911.3748779296875,856.7763671875,886.1755981445312,104503949
2015-02-02,739.3829956054688,873.575927734375,902.97509765625,865.1761474609375,890.37548828125,64263912
2015-02-09,746.4923706054688,881.9757080078125,907.1749877929688,865.1761474609375,873.575927734375,79664811
2015-02-16,732.2734985351562,865.1761474609375,886.1755981445312,865.1761474609375,881.9757080078125,34728336
2015-02-23,714.4998779296875,844.1767578125,873.575927734375,831.5770874023438,865.1761474609375,52892170
2015-03-02,710.9451293945312,839.9768676757812,856.7763671875,831.5770874023438,844.1767578125,34132604
2015-03-09,693.1715087890625,818.9774169921875,839.9768676757812,806.3777465820312,835.7769775390625,22903367
2015-03-16,629.1865234375,743.3795166015625,823.1773071289062,743.3795166015625,823.1773071289062,68529029
2015-03-23,607.8580932617188,718.18017578125,764.37890625,713.9803466796875,760.1790771484375,55191875
2015-03-30,646.9600219726562,764.37890625,776.9785766601562,718.18017578125,718.18017578125,38232718
2015-04-06,643.4053955078125,760.1790771484375,776.9785766601562,747.5794067382812,768.5787963867188,27128959
2015-04-13,625.6317138671875,739.1796264648438,764.37890625,734.979736328125,747.5794067382812,18020494
2015-04-20,614.967529296875,726.5799560546875,743.3795166015625,722.3800659179688,739.1796264648438,31490628
2015-04-27,565.201416015625,667.7816162109375,734.979736328125,663.5817260742188,734.979736328125,29097228
2015-05-04,568.756103515625,671.9815063476562,684.5811157226562,650.9820556640625,667.7816162109375,35426808
2015-05-11,582.9750366210938,688.781005859375,705.58056640625,667.7816162109375,676.1813354492188,50008876
2015-05-18,572.3109130859375,676.1813354492188,701.3806762695312,667.7816162109375,688.781005859375,36984349
2015-05-25,540.3182983398438,638.3823852539062,701.3806762695312,638.3823852539062,671.9815063476562,33906288
2015-06-01,540.3182983398438,638.3823852539062,655.1819458007812,634.1824951171875,650.9820556640625,30892874
2015-06-08,529.6542358398438,625.7827758789062,650.9820556640625,613.18310546875,642.582275390625,32459820
2015-06-15,504.77105712890625,596.383544921875,621.5828857421875,596.383544921875,617.3829956054688,23125159
2015-06-22,494.1069641113281,583.783935546875,613.18310546875,583.783935546875,596.383544921875,26457631
2015-06-29,479.88800048828125,566.984375,587.9837646484375,554.3847045898438,583.783935546875,23818629
2015-07-06,440.7860107421875,520.78564453125,566.984375,508.1860046386719,566.984375,23256353
2015-07-13,433.67657470703125,512.3858642578125,529.1854248046875,508.1860046386719,524.9855346679688,6453749
2015-07-20,415.9029235839844,491.3864440917969,512.3858642578125,487.18658447265625,512.3858642578125,11082685
2015-07-27,337.69891357421875,398.989013671875,482.9866943359375,398.989013671875,482.9866943359375,86513334
2015-08-03,426.567138671875,503.9861145019531,550.184814453125,397.3090515136719,403.1888732910156,402332275
2015-08-10,376.8009338378906,445.187744140625,516.5857543945312,428.38818359375,508.1860046386719,152357055
2015-08-17,359.02734375,424.1883239746094,453.5874938964844,419.9884338378906,445.187744140625,41145180
2015-08-24,349.07403564453125,412.4286193847656,457.7873840332031,377.9895935058594,394.78912353515625,219659147
2015-08-31,344.0975036621094,406.5487976074219,428.38818359375,405.7088317871094,409.90869140625,89048404
2015-09-07,344.8083801269531,407.3887634277344,424.1883239746094,394.78912353515625,411.5886535644531,73738101
2015-09-14,341.2536315917969,403.1888732910156,414.9485778808594,398.989013671875,411.5886535644531,77755355
2015-09-21,362.58203125,428.38818359375,453.5874938964844,398.989013671875,403.1888732910156,181429164
2015-09-28,341.964599609375,404.02886962890625,432.58807373046875,390.5892333984375,428.38818359375,206571643
2015-10-05,341.964599609375,404.02886962890625,432.58807373046875,398.989013671875,409.0687255859375,365298993
2015-10-12,366.48541259765625,433.0,453.5874938964844,404.86883544921875,409.0687255859375,486726750
2015-10-19,336.0154724121094,397.0,436.0,380.0,436.0,936037000
2015-10-26,319.93414306640625,378.0,405.0,372.0,405.0,2097248500
2015-11-02,300.4672546386719,355.0,376.0,353.0,373.0,1040518500
2015-11-09,269.9973449707031,319.0,358.0,317.0,355.0,835821500
2015-11-16,293.6961669921875,347.0,380.0,306.0,317.0,1261740500
2015-11-23,286.0786437988281,338.0,363.0,335.0,348.0,924619900
2015-11-30,271.6900939941406,321.0,337.0,315.0,334.0,417337900
2015-12-07,249.68405151367188,295.0,328.0,295.0,325.0,216980600
2015-12-14,254.76234436035156,301.0,312.0,285.0,290.0,300723500
2015-12-21,257.3014831542969,304.0,316.0,298.0,305.0,173042700
2015-12-28,265.7654113769531,314.0,326.0,303.0,304.0,376292700
2016-01-04,253.06964111328125,299.0,315.0,292.0,315.0,319890400
2016-01-11,266.6117858886719,315.0,328.0,294.0,299.0,855851900
2016-01-18,260.6870422363281,308.0,320.0,301.0,310.0,311893700
2016-01-25,278.461181640625,329.0,335.0,308.0,310.0,898963100
2016-02-01,289.4642028808594,342.0,357.0,328.0,334.0,703745700
2016-02-08,297.9281005859375,352.0,360.0,335.0,342.0,444973800
2016-02-15,312.3166809082031,369.0,373.0,353.0,355.0,600321200
2016-02-22,312.3166809082031,369.0,375.0,356.0,371.0,414131800
2016-02-29,341.0938720703125,403.0,406.0,360.0,370.0,784822300
2016-03-07,376.6420593261719,445.0,448.0,406.0,406.0,785475000
2016-03-14,401.187255859375,474.0,480.0,447.0,445.0,751044000
2016-03-21,387.6450500488281,458.0,481.0,458.0,474.0,342568800
2016-03-28,390.1842346191406,461.0,470.0,441.0,458.0,437306300
2016-04-04,545.9193725585938,645.0,710.0,463.0,466.0,1667070300
2016-04-11,567.0789794921875,670.0,695.0,640.0,650.0,354715000
2016-04-18,605.1664428710938,715.0,740.0,670.0,670.0,258968300
2016-04-25,643.2537841796875,760.0,775.0,690.0,720.0,643613000
2016-05-02,651.7176513671875,770.0,780.0,730.0,770.0,299221300
2016-05-09,596.7025756835938,705.0,780.0,700.0,775.0,602260200
2016-05-16,558.6151733398438,660.0,710.0,650.0,705.0,316526300
2016-05-23,567.0789794921875,670.0,700.0,625.0,660.0,333579200
2016-05-30,550.1513061523438,650.0,685.0,640.0,670.0,312353600
2016-06-06,609.3983154296875,720.0,740.0,660.0,660.0,779606100
2016-06-13,622.0941162109375,735.0,780.0,680.0,705.0,765069900
2016-06-20,617.8621826171875,730.0,760.0,705.0,740.0,496875200
2016-06-27,605.1664428710938,715.0,745.0,710.0,730.0,365371600
2016-07-04,605.1664428710938,715.0,715.0,715.0,715.0,0
2016-07-11,660.1815795898438,780.0,810.0,725.0,730.0,816022300
2016-07-18,685.5731201171875,810.0,860.0,765.0,775.0,739667700
2016-07-25,672.8773803710938,795.0,830.0,795.0,810.0,453246400
2016-08-01,689.8050537109375,815.0,840.0,800.0,805.0,442403700
2016-08-08,660.1815795898438,780.0,825.0,775.0,815.0,296216700
2016-08-15,668.6453857421875,790.0,815.0,735.0,780.0,379990300
2016-08-22,634.7899169921875,750.0,800.0,745.0,795.0,237457000
2016-08-29,592.4706420898438,700.0,750.0,685.0,750.0,306984800
2016-09-05,584.0067749023438,690.0,720.0,690.0,715.0,142642700
2016-09-12,528.9916381835938,625.0,690.0,615.0,690.0,228798700
2016-09-19,562.8471069335938,665.0,705.0,615.0,630.0,314466600
2016-09-26,694.0370483398438,820.0,850.0,630.0,660.0,1616262300
2016-10-03,677.1093139648438,800.0,860.0,770.0,830.0,934731200
2016-10-10,698.2689819335938,825.0,865.0,785.0,805.0,1043911000
2016-10-17,694.0370483398438,820.0,850.0,800.0,830.0,508458900
2016-10-24,732.1243896484375,865.0,900.0,820.0,820.0,775176200
2016-10-31,770.2118530273438,910.0,930.0,860.0,870.0,825107200
2016-11-07,761.7479248046875,900.0,925.0,865.0,915.0,719357500
2016-11-14,761.7479248046875,900.0,925.0,870.0,900.0,444780800
2016-11-21,816.7630004882812,965.0,990.0,890.0,900.0,934820300
2016-11-28,816.7630004882812,965.0,1005.0,940.0,970.0,425423100
2016-12-05,799.8353271484375,945.0,980.0,940.0,965.0,214750900
2016-12-12,749.0521850585938,885.0,945.0,860.0,945.0,375193900
2016-12-19,723.6605224609375,855.0,905.0,850.0,885.0,194370800
2016-12-26,757.5159912109375,895.0,905.0,850.0,855.0,173758000
2017-01-02,732.1243896484375,865.0,905.0,865.0,895.0,92233100
2017-01-09,778.6756591796875,920.0,920.0,850.0,870.0,384251400
2017-01-16,749.0521850585938,885.0,930.0,885.0,920.0,404202200
2017-01-23,681.3411865234375,805.0,890.0,795.0,885.0,594217100
2017-01-30,702.5008544921875,830.0,860.0,795.0,805.0,475751700
2017-02-06,685.5731201171875,810.0,835.0,795.0,830.0,161758000
2017-02-13,672.8773803710938,795.0,820.0,795.0,820.0,109241500
2017-02-20,647.4857788085938,765.0,810.0,765.0,795.0,177512900
2017-02-27,639.0219116210938,755.0,785.0,740.0,770.0,256524200
2017-03-06,617.8621826171875,730.0,770.0,715.0,755.0,156539300
2017-03-13,643.2537841796875,760.0,780.0,690.0,730.0,302895100
2017-03-20,617.8621826171875,730.0,780.0,730.0,770.0,116890700
2017-03-27,617.8621826171875,730.0,750.0,710.0,730.0,63916500
2017-04-03,605.1664428710938,715.0,740.0,710.0,735.0,102362800
2017-04-10,622.0941162109375,735.0,745.0,700.0,715.0,98587800
2017-04-17,592.4706420898438,700.0,745.0,695.0,735.0,86379100
2017-04-24,588.2387084960938,695.0,715.0,690.0,700.0,97122900
2017-05-01,533.2235717773438,630.0,705.0,625.0,695.0,132340000
2017-05-08,524.7597045898438,620.0,660.0,610.0,630.0,96173100
2017-05-15,592.4706420898438,700.0,730.0,595.0,620.0,330706400
2017-05-22,592.4706420898438,700.0,725.0,690.0,710.0,138553100
2017-05-29,643.2537841796875,760.0,790.0,700.0,700.0,426252700
2017-06-05,605.1664428710938,715.0,780.0,705.0,770.0,249297600
2017-06-12,609.3983154296875,720.0,755.0,705.0,715.0,135090600
2017-06-19,588.2387084960938,695.0,725.0,690.0,720.0,53798600
2017-06-26,588.2387084960938,695.0,695.0,695.0,695.0,0
2017-07-03,600.9345092773438,710.0,720.0,685.0,705.0,95659900
2017-07-10,588.2387084960938,695.0,720.0,695.0,720.0,33972000
2017-07-17,596.7025756835938,705.0,740.0,700.0,705.0,149494800
2017-07-24,584.0067749023438,690.0,730.0,685.0,715.0,223631100
2017-07-31,558.6151733398438,660.0,700.0,650.0,695.0,169577900
2017-08-07,584.0067749023438,690.0,710.0,645.0,660.0,174725900
2017-08-14,579.7747802734375,685.0,695.0,670.0,695.0,48862100
2017-08-21,609.3983154296875,720.0,755.0,690.0,690.0,540508100
2017-08-28,626.3260498046875,740.0,765.0,710.0,715.0,464989400
2017-09-04,592.4706420898438,700.0,755.0,690.0,740.0,262712200
2017-09-11,575.54296875,680.0,700.0,660.0,695.0,153182800
2017-09-18,571.31103515625,675.0,700.0,670.0,685.0,87655900
2017-09-25,541.6874389648438,640.0,680.0,620.0,680.0,165099300
2017-10-02,550.1513061523438,650.0,665.0,635.0,640.0,73007700
2017-10-09,545.9193725585938,645.0,665.0,640.0,650.0,66199000
2017-10-16,558.6151733398438,660.0,675.0,645.0,655.0,94652100
2017-10-23,545.9193725585938,645.0,665.0,640.0,660.0,95095100
2017-10-30,567.0789794921875,670.0,720.0,640.0,650.0,508472100
2017-11-06,596.7025756835938,705.0,725.0,660.0,670.0,337818400
2017-11-13,558.6151733398438,660.0,705.0,655.0,705.0,231235200
2017-11-20,558.6151733398438,660.0,670.0,650.0,665.0,66551700
2017-11-27,562.8471069335938,665.0,685.0,645.0,660.0,76954600
2017-12-04,528.9916381835938,625.0,665.0,600.0,655.0,132543400
2017-12-11,533.2235717773438,630.0,640.0,600.0,625.0,65606400
2017-12-18,533.2235717773438,630.0,650.0,625.0,640.0,52855500
2017-12-25,528.9916381835938,625.0,640.0,620.0,630.0,65486100
2018-01-01,554.38330078125,655.0,660.0,625.0,625.0,144617200
2018-01-08,562.8471069335938,665.0,680.0,640.0,660.0,185478400
2018-01-15,643.2537841796875,760.0,775.0,660.0,670.0,899701700
2018-01-22,723.6605224609375,855.0,875.0,765.0,765.0,878719300
2018-01-29,765.9799194335938,905.0,940.0,865.0,875.0,939037800
2018-02-05,702.5008544921875,830.0,890.0,790.0,880.0,534231600
2018-02-12,770.2118530273438,910.0,920.0,835.0,840.0,298781900
2018-02-19,757.5159912109375,895.0,925.0,880.0,910.0,234663000
2018-02-26,778.6756591796875,920.0,960.0,885.0,895.0,515188100
2018-03-05,719.4285888671875,850.0,940.0,845.0,920.0,248007600
2018-03-12,715.1967163085938,845.0,900.0,840.0,880.0,166639600
2018-03-19,668.6453857421875,790.0,860.0,780.0,845.0,168552800
2018-03-26,655.9495849609375,775.0,820.0,765.0,800.0,351926700
2018-04-02,681.3411865234375,805.0,815.0,775.0,785.0,290962300
2018-04-09,744.8203125,880.0,890.0,800.0,805.0,511041600
2018-04-16,765.9799194335938,905.0,945.0,860.0,875.0,550186400
2018-04-23,703.999267578125,830.0,910.0,820.0,900.0,409909200
2018-04-30,703.999267578125,830.0,865.0,815.0,825.0,154201100
2018-05-07,687.035400390625,810.0,845.0,775.0,830.0,126420400
2018-05-14,720.9630737304688,850.0,865.0,785.0,805.0,230208200
2018-05-21,737.9268798828125,870.0,900.0,835.0,860.0,295975500
2018-05-28,733.68603515625,865.0,870.0,840.0,870.0,105209700
2018-06-04,767.6136474609375,905.0,1015.0,870.0,895.0,1107112300
2018-06-11,767.6136474609375,905.0,905.0,905.0,905.0,0
2018-06-18,771.8546752929688,910.0,910.0,855.0,905.0,160269400
2018-06-25,754.8907470703125,890.0,925.0,805.0,925.0,310514100
2018-07-02,661.589599609375,780.0,880.0,765.0,880.0,237542600
2018-07-09,771.8546752929688,910.0,945.0,790.0,790.0,446959600
2018-07-16,737.9268798828125,870.0,935.0,865.0,915.0,378157300
2018-07-23,763.3726196289062,900.0,925.0,870.0,875.0,346545300
2018-07-30,763.3726196289062,900.0,960.0,890.0,895.0,530909800
2018-08-06,759.1316528320312,895.0,955.0,895.0,905.0,319502700
2018-08-13,703.999267578125,830.0,890.0,825.0,890.0,235200500
2018-08-20,742.1679077148438,875.0,880.0,835.0,845.0,270300800
2018-08-27,737.9268798828125,870.0,915.0,840.0,890.0,364798200
2018-09-03,674.3125,795.0,860.0,755.0,855.0,341752500
2018-09-10,678.553466796875,800.0,815.0,780.0,805.0,181233900
2018-09-17,695.5172729492188,820.0,820.0,780.0,800.0,290598500
2018-09-24,716.7221069335938,845.0,855.0,790.0,825.0,385009000
2018-10-01,678.553466796875,800.0,845.0,790.0,845.0,248000400
2018-10-08,674.3125,795.0,830.0,785.0,805.0,236707200
2018-10-15,648.8667602539062,765.0,800.0,755.0,800.0,309010900
2018-10-22,614.9390869140625,725.0,775.0,715.0,765.0,199897300
2018-10-29,589.4932861328125,695.0,730.0,665.0,725.0,335459700
2018-11-05,593.7342529296875,700.0,720.0,680.0,690.0,215988800
2018-11-12,576.7704467773438,680.0,700.0,660.0,695.0,223270600
2018-11-19,530.1199340820312,625.0,690.0,620.0,690.0,210196900
2018-11-26,521.637939453125,615.0,635.0,595.0,625.0,242942500
2018-12-03,614.9390869140625,725.0,750.0,640.0,640.0,746413600
2018-12-10,640.3848876953125,755.0,780.0,710.0,715.0,345423600
2018-12-17,653.107666015625,770.0,795.0,715.0,760.0,396140500
2018-12-24,648.8667602539062,765.0,790.0,760.0,770.0,146480200
2018-12-31,644.6258544921875,760.0,775.0,735.0,765.0,147648500
2019-01-07,670.0716552734375,790.0,805.0,755.0,775.0,460690400
2019-01-14,720.9630737304688,850.0,885.0,775.0,795.0,618241000
2019-01-21,788.8184204101562,930.0,945.0,820.0,855.0,748321200
2019-01-28,814.26416015625,960.0,980.0,900.0,945.0,603160200
2019-02-04,869.3966674804688,1025.0,1150.0,970.0,970.0,1138472300
2019-02-11,805.7822875976562,950.0,1040.0,935.0,1025.0,964391000
2019-02-18,894.8424682617188,1055.0,1090.0,970.0,975.0,979245900
2019-02-25,894.8424682617188,1055.0,1090.0,980.0,1065.0,698024800
2019-03-04,839.7098999023438,990.0,1075.0,990.0,1060.0,452183600
2019-03-11,826.9869995117188,975.0,1025.0,950.0,1010.0,514383500
2019-03-18,814.26416015625,960.0,985.0,945.0,980.0,301850900
2019-03-25,750.6497802734375,885.0,945.0,870.0,940.0,403763000
2019-04-01,767.6136474609375,905.0,950.0,900.0,900.0,318101400
2019-04-08,746.4088745117188,880.0,915.0,875.0,905.0,251762700
2019-04-15,750.6497802734375,885.0,910.0,880.0,880.0,99481400
2019-04-22,742.1679077148438,875.0,890.0,850.0,880.0,221415400
2019-04-29,670.0716552734375,790.0,885.0,785.0,875.0,275494100
2019-05-06,631.9029541015625,745.0,780.0,720.0,780.0,272654300
2019-05-13,577.6033325195312,670.0,750.0,670.0,745.0,301605700
2019-05-20,629.3289794921875,730.0,755.0,660.0,675.0,312377700
2019-05-27,625.0184936523438,725.0,760.0,705.0,740.0,203976300
2019-06-03,625.0184936523438,725.0,725.0,725.0,725.0,0
2019-06-10,681.0546875,790.0,815.0,730.0,730.0,436592900
2019-06-17,689.6755981445312,800.0,825.0,760.0,800.0,293421300
2019-06-24,728.4698486328125,845.0,860.0,795.0,805.0,580866400
2019-07-01,698.2965087890625,810.0,865.0,810.0,850.0,298792300
2019-07-08,728.4698486328125,845.0,855.0,800.0,810.0,300182700
2019-07-15,810.3687744140625,940.0,985.0,855.0,855.0,1044834800
2019-07-22,767.2640991210938,890.0,970.0,885.0,940.0,417588000
2019-07-29,775.885009765625,900.0,945.0,880.0,895.0,343629700
2019-08-05,918.1307373046875,1065.0,1080.0,830.0,900.0,1316423900
2019-08-12,965.5458984375,1120.0,1150.0,1030.0,1070.0,1015492400
2019-08-19,875.02587890625,1015.0,1130.0,1015.0,1130.0,507060100
2019-08-26,922.441162109375,1070.0,1085.0,1015.0,1020.0,581640400
2019-09-02,926.7515258789062,1075.0,1175.0,1075.0,1120.0,855041100
2019-09-09,922.441162109375,1070.0,1160.0,1055.0,1080.0,608434900
2019-09-16,918.1307373046875,1065.0,1085.0,1040.0,1070.0,337849700
2019-09-23,853.4735107421875,990.0,1075.0,985.0,1070.0,357994300
2019-09-30,827.6107177734375,960.0,1000.0,915.0,990.0,347155200
2019-10-07,875.02587890625,1015.0,1025.0,930.0,965.0,412510100
2019-10-14,806.058349609375,935.0,1020.0,920.0,1015.0,364519400
2019-10-21,823.3002319335938,955.0,985.0,915.0,940.0,401254100
2019-10-28,737.0907592773438,855.0,950.0,850.0,950.0,626034400
2019-11-04,719.8489379882812,835.0,870.0,810.0,855.0,433429200
2019-11-11,711.22802734375,825.0,840.0,800.0,830.0,232599500
2019-11-18,698.2965087890625,810.0,845.0,805.0,825.0,162028100
2019-11-25,646.5709228515625,750.0,820.0,735.0,810.0,211240400
2019-12-02,698.2965087890625,810.0,815.0,740.0,740.0,286242100
2019-12-09,732.7803344726562,850.0,855.0,805.0,810.0,343265500
2019-12-16,715.5384521484375,830.0,870.0,825.0,855.0,261514700
2019-12-23,719.8489379882812,835.0,850.0,825.0,835.0,130070000
2019-12-30,732.7803344726562,850.0,850.0,825.0,840.0,104694600
2020-01-06,762.95361328125,885.0,920.0,855.0,860.0,621241900
2020-01-13,724.1593627929688,840.0,890.0,830.0,885.0,308450000
2020-01-20,676.744140625,785.0,850.0,755.0,840.0,430154500
2020-01-27,620.7080078125,720.0,790.0,715.0,790.0,337314500
2020-02-03,629.3289794921875,730.0,740.0,705.0,725.0,178556500
2020-02-10,581.9137573242188,675.0,750.0,665.0,750.0,171318900
2020-02-17,603.4661254882812,700.0,720.0,670.0,675.0,287762700
2020-02-24,495.7043151855469,575.0,715.0,540.0,710.0,501316900
2020-03-02,525.877685546875,610.0,650.0,570.0,580.0,415670000
2020-03-09,412.0811767578125,478.0,590.0,456.0,590.0,482307800
2020-03-16,322.42333984375,374.0,474.0,338.0,474.0,354890100
2020-03-23,396.5634765625,460.0,505.0,340.0,370.0,805313100
2020-03-30,400.0118408203125,464.0,472.0,424.0,450.0,444487700
2020-04-06,448.28912353515625,520.0,590.0,466.0,466.0,676938100
2020-04-13,448.28912353515625,520.0,565.0,494.0,520.0,439626000
2020-04-20,425.87469482421875,494.0,520.0,466.0,515.0,420231200
2020-04-27,439.6681823730469,510.0,525.0,490.0,494.0,212117800
2020-05-04,461.2205810546875,535.0,540.0,484.0,490.0,327635800
2020-05-11,448.28912353515625,520.0,555.0,505.0,545.0,378437000
2020-05-18,448.28912353515625,520.0,545.0,510.0,525.0,149652000
2020-05-25,461.2205810546875,535.0,540.0,515.0,520.0,206659900
2020-06-01,508.6357421875,590.0,600.0,535.0,535.0,687417300
2020-06-08,500.01483154296875,580.0,650.0,545.0,595.0,593259200
2020-06-15,525.877685546875,610.0,645.0,560.0,585.0,499276900
2020-06-22,521.5671997070312,605.0,625.0,590.0,610.0,187864300
2020-06-29,519.6590576171875,600.0,615.0,590.0,610.0,150129900
2020-07-06,558.6334838867188,645.0,675.0,600.0,605.0,594947400
2020-07-13,571.6249389648438,660.0,685.0,645.0,645.0,305331700
2020-07-20,593.2774047851562,685.0,705.0,650.0,660.0,607815400
2020-07-27,632.2518310546875,730.0,755.0,690.0,695.0,532589800
2020-08-03,727.5226440429688,840.0,865.0,680.0,740.0,1047600100
2020-08-10,679.88720703125,785.0,840.0,750.0,840.0,731576300
2020-08-17,688.5482177734375,795.0,820.0,785.0,785.0,266945200
2020-08-24,710.20068359375,820.0,830.0,775.0,805.0,623643800
2020-08-31,714.53125,825.0,855.0,800.0,830.0,677167400
2020-09-07,671.2262573242188,775.0,840.0,700.0,825.0,441637100
2020-09-14,684.2177734375,790.0,820.0,765.0,780.0,235788000
2020-09-21,632.2518310546875,730.0,790.0,705.0,785.0,295032100
2020-09-28,627.9213256835938,725.0,740.0,695.0,730.0,214037100
2020-10-05,662.5653076171875,765.0,775.0,710.0,735.0,286318200
2020-10-12,814.1324462890625,940.0,1180.0,760.0,780.0,3421868600
2020-10-19,939.7167358398438,1085.0,1145.0,950.0,970.0,4175701200
2020-10-26,913.73388671875,1055.0,1095.0,1050.0,1090.0,517024200
2020-11-02,974.3607177734375,1125.0,1145.0,1055.0,1065.0,1741624100
2020-11-09,1013.335205078125,1170.0,1255.0,1135.0,1140.0,2453024600
2020-11-16,1047.9791259765625,1210.0,1280.0,1175.0,1200.0,1874969200
2020-11-23,1065.301025390625,1230.0,1255.0,1195.0,1225.0,1481892600
2020-11-30,1078.2926025390625,1245.0,1300.0,1105.0,1225.0,2260828400
2020-12-07,1255.8426513671875,1450.0,1500.0,1260.0,1270.0,1919718700
2020-12-14,1688.891845703125,1950.0,1960.0,1490.0,1500.0,3780248300
2020-12-21,1550.3160400390625,1790.0,2020.0,1720.0,1965.0,1965253400
2020-12-28,1675.9002685546875,1935.0,2070.0,1780.0,1825.0,2267873400
2021-01-04,2251.855712890625,2600.0,2750.0,1940.0,1970.0,5843709800
2021-01-11,2702.226806640625,3120.0,3440.0,2530.0,2560.0,5364297500
2021-01-18,2494.36328125,2880.0,3340.0,2530.0,3000.0,5442974100
2021-01-25,1922.7386474609375,2220.0,2960.0,2220.0,2760.0,4533351500
2021-02-01,2303.822021484375,2660.0,2690.0,2070.0,2090.0,6108939100
2021-02-08,2485.702392578125,2870.0,2970.0,2640.0,2770.0,3876755600
2021-02-15,2494.36328125,2880.0,2950.0,2670.0,2900.0,1986784200
2021-02-22,2459.719482421875,2840.0,3040.0,2780.0,2940.0,3199926800
2021-03-01,2095.958251953125,2420.0,2880.0,2350.0,2850.0,1868836300
2021-03-08,2095.958251953125,2420.0,2500.0,2170.0,2490.0,1722936900
2021-03-15,1948.721435546875,2250.0,2450.0,2210.0,2430.0,1023380900
2021-03-22,2104.619140625,2430.0,2440.0,2100.0,2260.0,1268269200
2021-03-29,1940.060546875,2240.0,2430.0,2130.0,2430.0,1167059300
2021-04-05,2026.67041015625,2340.0,2490.0,2190.0,2280.0,1261927400
2021-04-12,2069.97509765625,2390.0,2420.0,2210.0,2310.0,732211100
2021-04-19,2023.9521484375,2320.0,2440.0,2300.0,2350.0,425335100
2021-04-26,2172.2587890625,2490.0,2540.0,2340.0,2350.0,824612400
2021-05-03,2285.670166015625,2620.0,2670.0,2480.0,2500.0,919708800
2021-05-10,2329.289794921875,2670.0,2700.0,2600.0,2640.0,322135100
2021-05-17,2032.6761474609375,2330.0,2670.0,2310.0,2670.0,838206000
2021-05-24,2146.087158203125,2460.0,2500.0,2250.0,2360.0,582380100
2021-05-31,2119.915283203125,2430.0,2600.0,2410.0,2480.0,474642300
2021-06-07,2163.53515625,2480.0,2500.0,2350.0,2450.0,412741000
2021-06-14,1945.4368896484375,2230.0,2470.0,2210.0,2470.0,426371000
2021-06-21,2006.5042724609375,2300.0,2340.0,2130.0,2190.0,412070000
2021-06-28,1936.7127685546875,2220.0,2310.0,2190.0,2310.0,363491700
2021-07-05,2259.49853515625,2590.0,2630.0,2220.0,2230.0,986611300
2021-07-12,2285.670166015625,2620.0,2690.0,2500.0,2610.0,657511900
2021-07-19,2285.670166015625,2620.0,2670.0,2540.0,2630.0,363022100
2021-07-26,2198.4306640625,2520.0,2730.0,2500.0,2660.0,595582100
2021-08-02,2032.6761474609375,2330.0,2520.0,2320.0,2520.0,412769700
2021-08-09,2076.2958984375,2380.0,2430.0,2240.0,2300.0,444646100
2021-08-16,1989.0562744140625,2280.0,2420.0,2240.0,2370.0,337607000
2021-08-23,1971.608642578125,2260.0,2340.0,2250.0,2310.0,232542400
2021-08-30,2050.1240234375,2350.0,2430.0,2280.0,2280.0,309935400
2021-09-06,2259.49853515625,2590.0,2630.0,2290.0,2380.0,730706900
2021-09-13,2093.74365234375,2400.0,2590.0,2370.0,2570.0,605975900
2021-09-20,1997.7803955078125,2290.0,2410.0,2280.0,2380.0,548934000
2021-09-27,1936.7127685546875,2220.0,2340.0,2220.0,2310.0,574885200
2021-10-04,2041.4000244140625,2340.0,2420.0,2230.0,2230.0,805739200
2021-10-11,2154.81103515625,2470.0,2480.0,2330.0,2390.0,885356500
2021-10-18,2119.915283203125,2430.0,2630.0,2370.0,2500.0,861934800
2021-10-25,2041.4000244140625,2340.0,2460.0,2300.0,2450.0,320856600
2021-11-01,2058.847900390625,2360.0,2400.0,2310.0,2360.0,191150100
2021-11-08,2093.74365234375,2400.0,2420.0,2320.0,2380.0,252048500
2021-11-15,2085.01953125,2390.0,2430.0,2320.0,2420.0,344243900
2021-11-22,2041.4000244140625,2340.0,2490.0,2330.0,2400.0,550937600
2021-11-29,2041.4000244140625,2340.0,2370.0,2250.0,2330.0,445134800
2021-12-06,2023.9521484375,2320.0,2360.0,2310.0,2340.0,112461600
2021-12-13,1962.8846435546875,2250.0,2350.0,2250.0,2330.0,164018100
2021-12-20,1989.0562744140625,2280.0,2300.0,2220.0,2250.0,170237900
2021-12-27,1962.8846435546875,2250.0,2320.0,2250.0,2300.0,89604200
2022-01-03,1945.4368896484375,2230.0,2350.0,2230.0,2260.0,229941600
2022-01-10,1701.1666259765625,1950.0,2250.0,1840.0,2250.0,991226100
2022-01-17,1696.8046875,1945.0,1965.0,1705.0,1950.0,1171775300
2022-01-24,1544.1358642578125,1770.0,1955.0,1735.0,1950.0,618450100
2022-01-31,1579.0316162109375,1810.0,1860.0,1765.0,1785.0,446075600
2022-02-07,1609.5653076171875,1845.0,1905.0,1770.0,1810.0,607203200
2022-02-14,1823.3017578125,2090.0,2140.0,1810.0,1840.0,786458500
2022-02-21,1936.7127685546875,2220.0,2270.0,2100.0,2100.0,1061063500
2022-02-28,2137.36328125,2450.0,2460.0,2220.0,2220.0,611362700
2022-03-07,2198.4306640625,2520.0,3170.0,2480.0,2520.0,3601808800
2022-03-14,2085.01953125,2390.0,2540.0,2270.0,2520.0,1127877000
2022-03-21,2320.56591796875,2660.0,2690.0,2330.0,2380.0,1061382800
2022-03-28,2189.70703125,2510.0,2660.0,2420.0,2650.0,602331900
2022-04-04,2442.700927734375,2800.0,2820.0,2520.0,2530.0,854863400
2022-04-11,2425.2529296875,2780.0,2870.0,2580.0,2800.0,597776500
2022-04-18,2390.357421875,2740.0,2940.0,2740.0,2800.0,670375200
2022-04-25,2268.22216796875,2600.0,2700.0,2450.0,2690.0,678745900
2022-05-02,2268.22216796875,2600.0,2600.0,2600.0,2600.0,0
2022-05-09,2032.6761474609375,2330.0,2550.0,2290.0,2500.0,687570900
2022-05-16,2172.2587890625,2490.0,2520.0,2330.0,2330.0,421920400
2022-05-23,2154.81103515625,2470.0,2670.0,2460.0,2560.0,547433800
2022-05-30,2180.98291015625,2500.0,2570.0,2470.0,2500.0,480900400
2022-06-06,1997.7803955078125,2290.0,2490.0,2280.0,2460.0,406883400
2022-06-13,1869.72021484375,2110.0,2280.0,2100.0,2240.0,519163200
2022-06-20,1745.6629638671875,1970.0,2150.0,1950.0,2110.0,534276000
2022-06-27,1550.7158203125,1750.0,1970.0,1750.0,1970.0,589934600
2022-07-04,1519.7015380859375,1715.0,1820.0,1700.0,1750.0,478568900
2022-07-11,1364.6298828125,1540.0,1770.0,1535.0,1720.0,582143200
2022-07-18,1577.299560546875,1780.0,1785.0,1550.0,1575.0,586859400
2022-07-25,1732.37109375,1955.0,2070.0,1735.0,1800.0,698331900
2022-08-01,1789.9691162109375,2020.0,2100.0,1915.0,2030.0,657723800
2022-08-08,1967.1937255859375,2220.0,2270.0,1985.0,2010.0,1085004400
2022-08-15,1825.4140625,2060.0,2240.0,2030.0,2230.0,446314600
2022-08-22,1732.37109375,1955.0,2070.0,1955.0,2060.0,508457200
2022-08-29,1683.63427734375,1900.0,2010.0,1865.0,1920.0,559003500
2022-09-05,1750.093505859375,1975.0,2040.0,1870.0,1880.0,506124100
2022-09-12,1807.6915283203125,2040.0,2150.0,1980.0,2010.0,854869500
2022-09-19,1807.6915283203125,2040.0,2100.0,2020.0,2080.0,360520600
2022-09-26,1719.079345703125,1940.0,2000.0,1885.0,1995.0,351767200
2022-10-03,1714.6485595703125,1935.0,1975.0,1890.0,1900.0,291480700
2022-10-10,1612.7445068359375,1820.0,1925.0,1820.0,1920.0,195514100
2022-10-17,1595.02197265625,1800.0,1840.0,1765.0,1810.0,233833700
2022-10-24,1626.036376953125,1835.0,1880.0,1760.0,1805.0,362814700
2022-10-31,1696.9261474609375,1915.0,1915.0,1805.0,1840.0,320733300
2022-11-07,1878.58154296875,2120.0,2130.0,1930.0,1930.0,800343800
2022-11-14,1736.8017578125,1960.0,2220.0,1940.0,2150.0,697177000
2022-11-21,1727.9404296875,1950.0,2000.0,1930.0,1980.0,232924500
2022-11-28,1807.6915283203125,2040.0,2060.0,1910.0,1945.0,432144000
2022-12-05,1714.6485595703125,1935.0,2080.0,1900.0,2070.0,327893400
2022-12-12,1789.9691162109375,2020.0,2030.0,1915.0,1930.0,266920000
2022-12-19,1772.2467041015625,2000.0,2080.0,1985.0,2030.0,272073100
2022-12-26,1758.954833984375,1985.0,2040.0,1940.0,2010.0,182266900
2023-01-02,1758.954833984375,1985.0,2100.0,1930.0,1990.0,388008300
2023-01-09,1905.1651611328125,2150.0,2170.0,2000.0,2010.0,558150100
2023-01-16,2055.80615234375,2320.0,2340.0,2150.0,2160.0,702366700
2023-01-23,2038.0836181640625,2300.0,2370.0,2250.0,2320.0,248808300
2023-01-30,2064.66748046875,2330.0,2390.0,2250.0,2300.0,375129600
2023-02-06,1967.1937255859375,2220.0,2320.0,2180.0,2280.0,371807100
2023-02-13,1851.997802734375,2090.0,2250.0,2060.0,2210.0,362457100
2023-02-20,1772.2467041015625,2000.0,2130.0,2000.0,2080.0,367408900
2023-02-27,1767.8160400390625,1995.0,2040.0,1975.0,2000.0,331562500
2023-03-06,1665.911865234375,1880.0,2020.0,1850.0,2000.0,466646100
2023-03-13,1679.2037353515625,1895.0,1895.0,1770.0,1890.0,442724400
2023-03-20,1679.2037353515625,1895.0,1940.0,1875.0,1905.0,174994500
2023-03-27,1851.997802734375,2090.0,2100.0,1935.0,1935.0,494627300
2023-04-03,1860.85888671875,2100.0,2150.0,2040.0,2100.0,298976300
2023-04-10,1869.72021484375,2110.0,2160.0,2010.0,2100.0,341707900
2023-04-17,1860.85888671875,2100.0,2140.0,2080.0,2130.0,87762800
2023-04-24,1860.85888671875,2100.0,2120.0,2060.0,2100.0,116158600
2023-05-01,1807.6915283203125,2040.0,2150.0,2020.0,2100.0,252804200
2023-05-08,1772.2467041015625,2000.0,2120.0,1990.0,2060.0,214975200
2023-05-15,1732.37109375,1955.0,2020.0,1915.0,2000.0,202446600
2023-05-22,1701.356689453125,1920.0,1990.0,1920.0,1960.0,193753000
2023-05-29,1679.2037353515625,1895.0,1960.0,1895.0,1920.0,165906200
2023-06-05,1750.093505859375,1975.0,2040.0,1905.0,1905.0,210322400
2023-06-12,1825.4140625,2060.0,2060.0,1975.0,1980.0,184253800
2023-06-19,1781.1077880859375,2010.0,2060.0,2000.0,2060.0,117793700
2023-06-26,1727.9404296875,1950.0,1975.0,1935.0,1950.0,60211700
2023-07-03,1822.165771484375,1975.0,2050.0,1955.0,1955.0,201277900
2023-07-10,1845.231201171875,2000.0,2030.0,1980.0,1985.0,111994600
2023-07-17,1822.165771484375,1975.0,2020.0,1975.0,2010.0,108309500
2023-07-24,1808.3265380859375,1960.0,2010.0,1955.0,1975.0,138463200
2023-07-31,1863.6834716796875,2020.0,2060.0,1960.0,1965.0,327760200
2023-08-07,1836.0050048828125,1990.0,2050.0,1980.0,2030.0,142733900
2023-08-14,1799.100341796875,1950.0,2000.0,1945.0,1990.0,156770800
2023-08-21,1836.0050048828125,1990.0,2020.0,1935.0,1950.0,206484500
2023-08-28,1803.7135009765625,1955.0,2010.0,1925.0,1995.0,199619300
2023-09-04,1794.4873046875,1945.0,1980.0,1940.0,1975.0,185270700
2023-09-11,1752.9696044921875,1900.0,1960.0,1895.0,1945.0,190879300
2023-09-18,1706.8388671875,1850.0,1910.0,1815.0,1900.0,197554700
2023-09-25,1674.5472412109375,1815.0,1865.0,1815.0,1855.0,79936000
2023-10-02,1582.2857666015625,1715.0,1825.0,1705.0,1815.0,180444100
2023-10-09,1619.1903076171875,1755.0,1860.0,1735.0,1735.0,202098600
2023-10-16,1683.7734375,1825.0,1850.0,1785.0,1785.0,147799200
2023-10-23,1591.5118408203125,1725.0,1825.0,1725.0,1825.0,113811600
2023-10-30,1526.9288330078125,1655.0,1745.0,1650.0,1730.0,152024200
2023-11-06,1499.2503662109375,1625.0,1715.0,1625.0,1665.0,125540900
2023-11-13,1508.4764404296875,1635.0,1675.0,1610.0,1625.0,156003400
2023-11-20,1480.7979736328125,1605.0,1640.0,1580.0,1635.0,118144100
2023-11-27,1573.0595703125,1705.0,1740.0,1610.0,1610.0,272557700
2023-12-04,1554.6072998046875,1685.0,1810.0,1635.0,1740.0,275566200
2023-12-11,1540.76806640625,1670.0,1675.0,1590.0,1675.0,168914700
2023-12-18,1536.1549072265625,1665.0,1675.0,1620.0,1670.0,117942900
2023-12-25,1573.0595703125,1705.0,1800.0,1665.0,1665.0,285334900
2024-01-01,1545.381103515625,1675.0,1735.0,1675.0,1705.0,140414300
2024-01-08,1499.2503662109375,1625.0,1710.0,1620.0,1680.0,159066600
2024-01-15,1517.70263671875,1645.0,1705.0,1600.0,1630.0,273158500
2024-01-22,1453.1195068359375,1575.0,1665.0,1525.0,1645.0,276513800
2024-01-29,1406.98876953125,1525.0,1595.0,1525.0,1575.0,137691100
2024-02-05,1300.887939453125,1410.0,1540.0,1405.0,1525.0,220780800
2024-02-12,1411.601806640625,1530.0,1580.0,1415.0,1415.0,268593300
2024-02-19,1430.05419921875,1550.0,1550.0,1455.0,1545.0,210588300
2024-02-26,1365.4710693359375,1480.0,1565.0,1460.0,1555.0,170993200
2024-03-04,1443.8934326171875,1565.0,1600.0,1460.0,1495.0,287943700
2024-03-11,1490.024169921875,1615.0,1645.0,1575.0,1575.0,237157200
2024-03-18,1540.76806640625,1670.0,1720.0,1605.0,1615.0,281938900
2024-03-25,1476.1849365234375,1600.0,1685.0,1580.0,1685.0,183548900
2024-04-01,1540.76806640625,1670.0,1675.0,1545.0,1615.0,245716300
2024-04-08,1540.76806640625,1670.0,1670.0,1670.0,1670.0,0
2024-04-15,1623.803466796875,1760.0,1845.0,1680.0,1685.0,490532400
2024-04-22,1471.5718994140625,1595.0,1800.0,1575.0,1780.0,289119700
2024-04-29,1374.697265625,1490.0,1640.0,1475.0,1600.0,258738200
2024-05-06,1416.2149658203125,1535.0,1575.0,1480.0,1505.0,191140100
2024-05-13,1494.63720703125,1620.0,1635.0,1515.0,1540.0,260385000
2024-05-20,1406.98876953125,1525.0,1670.0,1520.0,1645.0,213727700
2024-05-27,1465.0,1465.0,1540.0,1465.0,1525.0,215009200
2024-06-03,1300.0,1300.0,1490.0,1300.0,1465.0,345139200
2024-06-10,1210.0,1210.0,1300.0,1205.0,1290.0,287673200
2024-06-17,1230.0,1230.0,1255.0,1175.0,1210.0,126013800
2024-06-24,1250.0,1250.0,1265.0,1200.0,1235.0,161052500
2024-07-01,1310.0,1310.0,1335.0,1250.0,1255.0,235855900
2024-07-08,1360.0,1360.0,1380.0,1315.0,1315.0,197987000
2024-07-15,1350.0,1350.0,1405.0,1330.0,1360.0,237259500
2024-07-22,1295.0,1295.0,1360.0,1275.0,1350.0,191631300
2024-07-29,1345.0,1345.0,1355.0,1300.0,1325.0,214669400
2024-08-05,1285.0,1285.0,1330.0,1265.0,1330.0,187069600
2024-08-12,1460.0,1460.0,1510.0,1280.0,1290.0,749495400
2024-08-19,1450.0,1450.0,1525.0,1430.0,1475.0,520702800
2024-08-26,1390.0,1390.0,1485.0,1390.0,1460.0,1029118800
2024-09-02,1335.0,1335.0,1415.0,1330.0,1400.0,487018900
2024-09-09,1335.0,1335.0,1370.0,1305.0,1335.0,455824400
2024-09-16,1370.0,1370.0,1390.0,1345.0,1350.0,338121900
2024-09-23,1470.0,1470.0,1480.0,1380.0,1380.0,704372800
2024-09-30,1525.0,1525.0,1590.0,1435.0,1480.0,784617500
2024-10-07,1565.0,1565.0,1575.0,1490.0,1530.0,442161100
2024-10-14,1625.0,1625.0,1640.0,1565.0,1575.0,581532200
2024-10-21,1585.0,1585.0,1765.0,1585.0,1645.0,537327300
2024-10-28,1520.0,1520.0,1650.0,1515.0,1590.0,547145800
2024-11-04,1585.0,1585.0,1610.0,1480.0,1520.0,454792300
2024-11-11,1400.0,1400.0,1580.0,1385.0,1580.0,315663200
2024-11-18,1450.0,1450.0,1510.0,1395.0,1405.0,259859600
2024-11-25,1430.0,1430.0,1485.0,1395.0,1460.0,173737800
2024-12-02,1485.0,1485.0,1495.0,1410.0,1410.0,260554300
